Spanish,English
entonces,then; so
así,like this; so
además,besides; moreover
aunque,although; even though
sin embargo,however
por eso,therefore; that's why
por ejemplo,for example
es decir,that is; in other words
mientras,while; meanwhile
durante,during
según,according to
sino,but rather
pues,well; then
incluso,even
quizás,maybe; perhaps
tal vez,maybe; perhaps
a lo mejor,maybe; perhaps
seguramente,surely; probably
realmente,really
de repente,suddenly
por fin,finally; at last
enseguida,right away
de nuevo,again
otra vez,again
casi,almost
apenas,barely; hardly
bastante,quite; enough
suficiente,enough
solamente,only
especialmente,especially
generalmente,generally
normalmente,normally; usually
rápidamente,quickly
fácilmente,easily
probablemente,probably
afortunadamente,fortunately
actualmente,currently; nowadays
finalmente,finally
inmediatamente,immediately
exactamente,exactly
completamente,completely
totalmente,totally
sobre todo,above all; especially
en general,in general
al final,in the end
al principio,at first
a menudo,often
en cambio,on the other hand
por supuesto,of course
sin duda,without a doubt
o sea,in other words
cada vez,each time
de vez en cuando,from time to time
menos mal,thank goodness; luckily
ya que,since; because
en realidad,actually; in fact
al menos,at least
tanto,so much; as much
cualquier,any
varios,several
alguno,some; any
ninguno,none; not any
ambos,both
demás,the rest; the others
propio,own
cierto,certain; true
tal,such
semejante,similar; such
medio,half; middle
entero,whole; entire
doble,double
único,only; unique
principal,main
general,general
particular,particular; private
rato; el rato,while; short time
siglo; el siglo,century
década; la década,decade
fecha; la fecha,date
futuro; el futuro,future
pasado; el pasado,past
presente; el presente,present
anteayer,day before yesterday
pasado mañana,day after tomorrow
anoche,last night
madrugada; la madrugada,early morning; dawn
amanecer; el amanecer,dawn; sunrise
actual,current; present
próximo,next
anterior,previous; former
siguiente,next; following
reciente,recent
antiguo,old; ancient
moderno,modern
diario,daily
semanal,weekly
mensual,monthly
anual,yearly; annual
puntual,punctual; on time
frecuente,frequent
adulto; el adulto,adult
adolescente; el adolescente,teenager
anciano; el anciano,elderly person
nieto; el nieto,grandson
nieta; la nieta,granddaughter
sobrino; el sobrino,nephew
sobrina; la sobrina,niece
suegro; el suegro,father-in-law
suegra; la suegra,mother-in-law
cuñado; el cuñado,brother-in-law
novio; el novio,boyfriend; groom
novia; la novia,girlfriend; bride
amistad; la amistad,friendship
amor; el amor,love
invitado; el invitado,guest
desconocido; el desconocido,stranger
compañía; la compañía,company; companionship
sociedad; la sociedad,society
grupo; el grupo,group
equipo; el equipo,team; equipment
miembro; el miembro,member
público; el público,public; audience
ciudadano; el ciudadano,citizen
población; la población,population
generación; la generación,generation
honesto,honest
sincero,sincere
generoso,generous
egoísta,selfish
valiente,brave
cobarde,cowardly
orgulloso,proud
celoso,jealous
paciente,patient
impaciente,impatient
educado,polite; well-mannered
maleducado,rude
responsable,responsible
cuidadoso,careful
curioso,curious
creativo,creative
sensible,sensitive
maduro,mature
gracioso,funny
agradable,pleasant; nice
desagradable,unpleasant
atractivo,attractive
elegante,elegant
moreno,dark-haired; tanned
rubio,blond
calvo,bald
barba; la barba,beard
bigote; el bigote,mustache
emoción; la emoción,emotion; excitement
sentimiento; el sentimiento,feeling
miedo; el miedo,fear
alegría; la alegría,joy
tristeza; la tristeza,sadness
sorpresa; la sorpresa,surprise
vergüenza; la vergüenza,shame; embarrassment
estrés; el estrés,stress
ánimo; el ánimo,mood; spirits
asustado,scared; frightened
sorprendido,surprised
emocionado,excited
enamorado,in love
deprimido,depressed
relajado,relaxed
confundido,confused
avergonzado,embarrassed
satisfecho,satisfied
asustar,to scare; to frighten
sorprender,to surprise
preocupar,to worry
molestar,to bother; to annoy
enfadarse,to get angry
alegrarse,to be glad; to cheer up
reír,to laugh
sonreír,to smile
llorar,to cry
rodilla; la rodilla,knee
hombro; el hombro,shoulder
cuello; el cuello,neck
codo; el codo,elbow
muñeca; la muñeca,wrist; doll
tobillo; el tobillo,ankle
uña; la uña,nail (finger)
labio; el labio,lip
lengua; la lengua,tongue; language
garganta; la garganta,throat
pecho; el pecho,chest
hueso; el hueso,bone
piel; la piel,skin
sangre; la sangre,blood
cerebro; el cerebro,brain
enfermedad; la enfermedad,illness; disease
gripe; la gripe,flu
tos; la tos,cough
herida; la herida,wound; injury
accidente; el accidente,accident
tratamiento; el tratamiento,treatment
receta; la receta,prescription; recipe
cita; la cita,appointment; date
dentista; el dentista,dentist
enfermero; el enfermero,nurse
ambulancia; la ambulancia,ambulance
curar,to cure; to heal
sufrir,to suffer
respirar,to breathe
cuidar,to take care of
sentir,to feel; to be sorry
bebida; la bebida,drink; beverage
ingrediente; el ingrediente,ingredient
sabor; el sabor,flavor; taste
olor; el olor,smell
harina; la harina,flour
mermelada; la mermelada,jam
miel; la miel,honey
yogur; el yogur,yogurt
nata; la nata,cream
salsa; la salsa,sauce
vinagre; el vinagre,vinegar
ajo; el ajo,garlic
lechuga; la lechuga,lettuce
pepino; el pepino,cucumber
pimiento; el pimiento,bell pepper
champiñón; el champiñón,mushroom
guisante; el guisante,pea
judía; la judía,bean
maíz; el maíz,corn
pera; la pera,pear
uva; la uva,grape
melón; el melón,melon
sandía; la sandía,watermelon
piña; la piña,pineapple
cereza; la cereza,cherry
melocotón; el melocotón,peach
nuez; la nuez,walnut; nut
gamba; la gamba,shrimp; prawn
marisco; el marisco,seafood; shellfish
ternera; la ternera,beef; veal
cordero; el cordero,lamb
salchicha; la salchicha,sausage
filete; el filete,steak; fillet
hamburguesa; la hamburguesa,hamburger
tarta; la tarta,cake; pie
caramelo; el caramelo,candy; sweet
hielo; el hielo,ice
copa; la copa,wine glass; drink
servilleta; la servilleta,napkin
salado,salty
amargo,bitter
picante,spicy; hot
fresco,fresh; cool
crudo,raw
asado,roasted
frito,fried
sabroso,tasty; delicious
hervir,to boil
freír,to fry
añadir,to add
cortar,to cut
mezclar,to mix
pelar,to peel
hogar; el hogar,home
mueble; el mueble,piece of furniture
estantería; la estantería,bookshelf
cajón; el cajón,drawer
cortina; la cortina,curtain
alfombra; la alfombra,carpet; rug
almohada; la almohada,pillow
manta; la manta,blanket
sábana; la sábana,sheet
colchón; el colchón,mattress
grifo; el grifo,tap; faucet
lavabo; el lavabo,sink; washbasin
bañera; la bañera,bathtub
enchufe; el enchufe,plug; socket
interruptor; el interruptor,switch
calefacción; la calefacción,heating
microondas; el microondas,microwave
lavavajillas; el lavavajillas,dishwasher
plancha; la plancha,iron
aspiradora; la aspiradora,vacuum cleaner
herramienta; la herramienta,tool
jabón; el jabón,soap
cepillo; el cepillo,brush
peine; el peine,comb
champú; el champú,shampoo
papelera; la papelera,wastebasket
cubo; el cubo,bucket; cube
vela; la vela,candle
cuadro; el cuadro,picture; painting
alquiler; el alquiler,rent
ayuntamiento; el ayuntamiento,town hall
comisaría; la comisaría,police station
quiosco; el quiosco,kiosk; newsstand
panadería; la panadería,bakery
carnicería; la carnicería,butcher's
peluquería; la peluquería,hairdresser's
librería; la librería,bookshop
zapatería; la zapatería,shoe shop
centro comercial; el centro comercial,shopping mall
gasolinera; la gasolinera,gas station
aparcamiento; el aparcamiento,parking lot
estadio; el estadio,stadium
catedral; la catedral,cathedral
castillo; el castillo,castle
monumento; el monumento,monument
fuente; la fuente,fountain; source
esquina; la esquina,corner (street)
acera; la acera,sidewalk; pavement
semáforo; el semáforo,traffic light
cruce; el cruce,crossroads; junction
edificio; el edificio,building
afueras; las afueras,outskirts; suburbs
capital; la capital,capital (city)
región; la región,region
provincia; la provincia,province
frontera; la frontera,border
transporte; el transporte,transport
vuelo; el vuelo,flight
asiento; el asiento,seat
andén; el andén,platform
vía; la vía,track; lane
puerto; el puerto,port; harbor
conductor; el conductor,driver
pasajero; el pasajero,passenger
peatón; el peatón,pedestrian
camión; el camión,truck; lorry
furgoneta; la furgoneta,van
gasolina; la gasolina,gasoline; petrol
rueda; la rueda,wheel; tire
volante; el volante,steering wheel
freno; el freno,brake
motor; el motor,engine; motor
equipaje; el equipaje,luggage; baggage
reserva; la reserva,reservation; booking
horario; el horario,schedule; timetable
retraso; el retraso,delay
destino; el destino,destination; fate
recuerdo; el recuerdo,souvenir; memory
guía; el guía,guide
excursión; la excursión,trip; excursion
aventura; la aventura,adventure
extranjero; el extranjero,foreigner; abroad
aduana; la aduana,customs
trayecto; el trayecto,journey; route
moda; la moda,fashion
talla; la talla,size (clothing)
traje; el traje,suit
corbata; la corbata,tie
cinturón; el cinturón,belt
bufanda; la bufanda,scarf
guante; el guante,glove
gorra; la gorra,cap
zapatilla; la zapatilla,slipper; sneaker
sandalia; la sandalia,sandal
pijama; el pijama,pajamas
bañador; el bañador,swimsuit
bolsillo; el bolsillo,pocket
botón; el botón,button
anillo; el anillo,ring
collar; el collar,necklace
pulsera; la pulsera,bracelet
joya; la joya,jewel; piece of jewelry
paraguas; el paraguas,umbrella
compra; la compra,purchase; shopping
oferta; la oferta,offer; deal
descuento; el descuento,discount
rebajas; las rebajas,sales; discounts
gasto; el gasto,expense
tarjeta; la tarjeta,card
efectivo; el efectivo,cash
moneda; la moneda,coin; currency
recibo; el recibo,receipt
factura; la factura,invoice; bill
caja; la caja,box; cash register
cliente; el cliente,customer; client
vendedor; el vendedor,salesperson; seller
producto; el producto,product
marca; la marca,brand
calidad; la calidad,quality
cantidad; la cantidad,quantity; amount
gratis,free (of charge)
gastar,to spend
ahorrar,to save (money)
prestar,to lend
devolver,to return; to give back
profesión; la profesión,profession
carrera; la carrera,career; degree; race
sueldo; el sueldo,salary; wage
contrato; el contrato,contract
entrevista; la entrevista,interview
currículum; el currículum,resume; CV
proyecto; el proyecto,project
tarea; la tarea,task; chore
informe; el informe,report
documento; el documento,document
negocio; el negocio,business
abogado; el abogado,lawyer
ingeniero; el ingeniero,engineer
arquitecto; el arquitecto,architect
periodista; el periodista,journalist
escritor; el escritor,writer
artista; el artista,artist
pintor; el pintor,painter
actor; el actor,actor
cantante; el cantante,singer
músico; el músico,musician
dependiente; el dependiente,shop assistant
mecánico; el mecánico,mechanic
fontanero; el fontanero,plumber
granjero; el granjero,farmer
bombero; el bombero,firefighter
empleado; el empleado,employee
dueño; el dueño,owner
director; el director,director; manager
presidente; el presidente,president
político; el político,politician
despacho; el despacho,office (room)
fábrica; la fábrica,factory
taller; el taller,workshop
granja; la granja,farm
oficio; el oficio,trade; occupation
asignatura; la asignatura,school subject
curso; el curso,course; school year
nota; la nota,grade; note
aprobar,to pass (exam)
suspender,to fail (exam)
matemáticas; las matemáticas,mathematics
historia; la historia,history; story
geografía; la geografía,geography
ciencia; la ciencia,science
arte; el arte,art
dibujo; el dibujo,drawing
educación; la educación,education
conocimiento; el conocimiento,knowledge
título; el título,degree; title
alumno; el alumno,pupil; student
maestro; el maestro,teacher; master
pizarra; la pizarra,blackboard; whiteboard
regla; la regla,ruler; rule
goma; la goma,eraser; rubber
diccionario; el diccionario,dictionary
ejercicio; el ejercicio,exercise
resultado; el resultado,result
error; el error,mistake; error
duda; la duda,doubt
tema; el tema,topic; subject
tecnología; la tecnología,technology
pantalla; la pantalla,screen
teclado; el teclado,keyboard
archivo; el archivo,file
carpeta; la carpeta,folder
contraseña; la contraseña,password
usuario; el usuario,user; username
página; la página,page
red; la red,network; net
internet; el internet,internet
conexión; la conexión,connection
aplicación; la aplicación,app; application
programa; el programa,program; show
cámara; la cámara,camera
vídeo; el vídeo,video
altavoz; el altavoz,speaker
auriculares; los auriculares,headphones
cargador; el cargador,charger
batería; la batería,battery
señal; la señal,signal; sign
llamada; la llamada,call
buzón; el buzón,mailbox; inbox
sello; el sello,stamp; seal
paquete; el paquete,package; parcel
noticia; la noticia,news
anuncio; el anuncio,advertisement; announcement
prensa; la prensa,press
canal; el canal,channel
conseguir,to get; to achieve
lograr,to manage; to achieve
intentar,to try; to attempt
tratar,to treat; to deal with
permitir,to allow; to permit
prohibir,to forbid; to ban
decidir,to decide
elegir,to choose
preparar,to prepare
organizar,to organize
planear,to plan
participar,to participate
presentar,to introduce; to present
reservar,to book; to reserve
alquilar,to rent
mudarse,to move (house)
construir,to build
arreglar,to fix; to arrange
romper,to break
reparar,to repair
funcionar,to work; to function
apagar,to turn off
encender,to turn on; to light
cargar,to charge; to load
descargar,to download; to unload
grabar,to record
imprimir,to print
dibujar,to draw
pintar,to paint
crear,to create
inventar,to invent
descubrir,to discover
investigar,to research; to investigate
explicar,to explain
describir,to describe
comparar,to compare
discutir,to argue; to discuss
charlar,to chat
comentar,to comment; to mention
mencionar,to mention
repetir,to repeat
traducir,to translate
significar,to mean
firmar,to sign
rellenar,to fill in; to fill out
anotar,to note down; to jot
corregir,to correct
mejorar,to improve
aumentar,to increase
reducir,to reduce
crecer,to grow
desarrollar,to develop
continuar,to continue
acabar,to finish; to run out
durar,to last
tardar,to take time; to be late
suceder,to happen
ocurrir,to happen; to occur
resultar,to turn out; to result
depender,to depend
convertirse,to become
parecer,to seem; to look like
quedar,to arrange to meet; to remain
quedarse,to stay
acercarse,to approach; to come closer
caer,to fall
caerse,to fall down
saltar,to jump
tirar,to throw; to pull
empujar,to push
coger,to take; to catch
soltar,to let go; to release
golpear,to hit; to knock
esconder,to hide
mostrar,to show
señalar,to point out; to indicate
escoger,to choose; to pick
aceptar,to accept
rechazar,to reject; to refuse
negar,to deny; to refuse
admitir,to admit
prometer,to promise
invitar,to invite
felicitar,to congratulate
agradecer,to thank
saludar,to greet
despedirse,to say goodbye
presentarse,to introduce oneself
quejarse,to complain
disculparse,to apologize
aburrirse,to get bored
divertirse,to have fun
relajarse,to relax
cansarse,to get tired
casarse,to get married
separarse,to separate; to split up
nacer,to be born
morir,to die
vestirse,to get dressed
peinarse,to comb one's hair
afeitarse,to shave
despertarse,to wake up
dormirse,to fall asleep
soñar,to dream
sentarse,to sit down
ponerse,to put on; to become
quitarse,to take off
probarse,to try on
acordarse,to remember
fijarse,to notice; to pay attention
darse cuenta,to realize
atreverse,to dare
apoyar,to support
cuidarse,to take care of oneself
acostumbrarse,to get used to
preocuparse,to worry
imaginar,to imagine
suponer,to suppose
reconocer,to recognize; to admit
mantener,to keep; to maintain
conservar,to keep; to preserve
evitar,to avoid
permanecer,to remain; to stay
alcanzar,to reach; to catch up
aparecer,to appear
desaparecer,to disappear
colaborar,to collaborate
pertenecer,to belong
compartir,to share
repartir,to distribute; to share out
ofrecer,to offer
regalar,to give (as a gift)
pedir,to ask for; to order
exigir,to demand
obligar,to force; to oblige
castigar,to punish
pelear,to fight
protestar,to protest
resolver,to solve; to resolve
solucionar,to solve
comprobar,to check; to verify
revisar,to check; to review
vigilar,to watch; to guard
proteger,to protect
salvar,to save; to rescue
rescatar,to rescue
robar,to steal; to rob
matar,to kill
disparar,to shoot
pesar,to weigh
medir,to measure
contener,to contain
llenar,to fill
vaciar,to empty
doblar,to fold; to turn
estirar,to stretch
apretar,to press; to squeeze
idea; la idea,idea
opinión; la opinión,opinion
razón; la razón,reason
motivo; el motivo,reason; motive
causa; la causa,cause
consecuencia; la consecuencia,consequence
situación; la situación,situation
condición; la condición,condition
estado; el estado,state; condition
nivel; el nivel,level
ejemplo; el ejemplo,example
caso; el caso,case
modo; el modo,way; manner
manera; la manera,way; manner
sentido; el sentido,sense; meaning
