French,English
bonjour,hello; good morning
bonsoir,good evening
bonne nuit,good night
salut,hi; bye (informal)
au revoir,goodbye
à bientôt,see you soon
à demain,see you tomorrow
merci,thank you; thanks
de rien,you're welcome
s'il vous plaît,please (polite)
s'il te plaît,please (informal)
pardon,sorry; excuse me
excusez-moi,excuse me (polite)
désolé,sorry
oui,yes
non,no
d'accord,okay; agreed
bienvenue,welcome
bonne chance,good luck
bon appétit,enjoy your meal
attention,watch out; careful
allô,hello (on the phone)
monsieur,sir; Mr
madame,madam; Mrs
ça va,how are you; I'm fine
enchanté,nice to meet you
bonne journée,have a good day
félicitations,congratulations
je,I
tu,you (informal)
il,he; it
elle,she; it
on,we; one
nous,we; us
vous,you (polite or plural)
ils,they (masculine)
elles,they (feminine)
moi,me
toi,you (stressed)
ça,that; it
quelqu'un,someone; somebody
quelque chose,something
rien,nothing
tout le monde,everyone; everybody
qui,who
que,what; that
quoi,what
où,where
quand,when
comment,how
pourquoi,why
combien,how much; how many
quel,which; what
à,to; at
de,of; from
dans,in; inside
sur,on
sous,under
avec,with
sans,without
pour,for
par,by; through
chez,at the home of
entre,between
devant,in front of
derrière,behind
avant,before
après,after
pendant,during
depuis,since; for (duration)
vers,toward; around (time)
jusqu'à,until; up to
près de,near; close to
loin de,far from
à côté de,next to; beside
et,and
ou,or
mais,but
parce que,because
donc,so; therefore
si,if
comme,like; as
très,very
bien,well; good
mal,badly; bad
beaucoup,a lot; much
un peu,a little; a bit
trop,too much; too
assez,enough; quite
aussi,also; too
encore,again; still
déjà,already
toujours,always; still
souvent,often
parfois,sometimes
jamais,never
maintenant,now
aujourd'hui,today
hier,yesterday
demain,tomorrow
ici,here
là,there
là-bas,over there
vite,fast; quickly
lentement,slowly
ensemble,together
seulement,only
peut-être,maybe; perhaps
bientôt,soon
tard,late
tôt,early
vraiment,really; truly
ensuite,then; next
d'abord,first; at first
enfin,finally; at last
alors,so; then
voici,here is
voilà,there it is; there you go
tout,all; everything
tout de suite,right away; immediately
zéro,zero
un,one
deux,two
trois,three
quatre,four
cinq,five
six,six
sept,seven
huit,eight
neuf,nine
dix,ten
onze,eleven
douze,twelve
treize,thirteen
quatorze,fourteen
quinze,fifteen
seize,sixteen
dix-sept,seventeen
dix-huit,eighteen
dix-neuf,nineteen
vingt,twenty
trente,thirty
quarante,forty
cinquante,fifty
soixante,sixty
soixante-dix,seventy
quatre-vingts,eighty
quatre-vingt-dix,ninety
cent,hundred; one hundred
mille,thousand; one thousand
lundi,Monday
mardi,Tuesday
mercredi,Wednesday
jeudi,Thursday
vendredi,Friday
samedi,Saturday
dimanche,Sunday
janvier,January
février,February
mars,March
avril,April
mai,May
juin,June
juillet,July
août,August
septembre,September
octobre,October
novembre,November
décembre,December
printemps; le printemps,spring
été; l'été; un été,summer
automne; l'automne; un automne,autumn; fall
hiver; l'hiver; un hiver,winter
jour; le jour,day
semaine; la semaine,week
mois; le mois,month
année; l'année; une année,year
an; l'an; un an,year
heure; l'heure; une heure,hour; time (clock)
minute; la minute,minute
matin; le matin,morning
après-midi; l'après-midi; un après-midi,afternoon
soir; le soir,evening
nuit; la nuit,night
midi,noon; midday
minuit,midnight
week-end; le week-end,weekend
date; la date,date
moment; le moment,moment
temps; le temps,time; weather
fois; la fois,time (occasion)
anniversaire; l'anniversaire; un anniversaire,birthday
fête; la fête,party; celebration
vacances; les vacances,holidays; vacation
famille; la famille,family
parents; les parents,parents
père; le père,father
mère; la mère,mother
papa; le papa,dad
maman; la maman,mom; mum
frère; le frère,brother
sœur; la sœur,sister
fils; le fils,son
fille; la fille,daughter; girl
enfant; l'enfant; un enfant,child; kid
bébé; le bébé,baby
grand-père; le grand-père,grandfather
grand-mère; la grand-mère,grandmother
grands-parents; les grands-parents,grandparents
oncle; l'oncle; un oncle,uncle
tante; la tante,aunt
cousin; le cousin,cousin
mari; le mari,husband
femme; la femme,woman; wife
homme; l'homme; un homme,man
garçon; le garçon,boy
personne; la personne,person
gens; les gens,people
ami; l'ami; un ami,friend
copain; le copain,friend (informal); boyfriend
copine; la copine,friend (informal); girlfriend
voisin; le voisin,neighbor
nom; le nom,name; last name
prénom; le prénom,first name
âge; l'âge; un âge,age
repas; le repas,meal
petit-déjeuner; le petit-déjeuner,breakfast
déjeuner; le déjeuner,lunch
dîner; le dîner,dinner
pain; le pain,bread
croissant; le croissant,croissant
beurre; le beurre,butter
confiture; la confiture,jam
fromage; le fromage,cheese
œuf; l'œuf; un œuf,egg
lait; le lait,milk
eau; l'eau; une eau,water
café; le café,coffee; café
thé; le thé,tea
jus; le jus,juice
vin; le vin,wine
bière; la bière,beer
sucre; le sucre,sugar
sel; le sel,salt
viande; la viande,meat
poulet; le poulet,chicken
jambon; le jambon,ham
poisson; le poisson,fish
riz; le riz,rice
pâtes; les pâtes,pasta
soupe; la soupe,soup
salade; la salade,salad; lettuce
légume; le légume,vegetable
pomme de terre; la pomme de terre,potato
tomate; la tomate,tomato
carotte; la carotte,carrot
oignon; l'oignon; un oignon,onion
fruit; le fruit,fruit
pomme; la pomme,apple
banane; la banane,banana
orange; l'orange; une orange,orange
fraise; la fraise,strawberry
gâteau; le gâteau,cake
chocolat; le chocolat,chocolate
glace; la glace,ice cream; ice
sandwich; le sandwich,sandwich
frites; les frites,fries; chips
pizza; la pizza,pizza
menu; le menu,menu; set menu
carte; la carte,menu; card; map
addition; l'addition; une addition,bill; check (restaurant)
serveur; le serveur,waiter
restaurant; le restaurant,restaurant
cuisine; la cuisine,kitchen; cooking
verre; le verre,glass
tasse; la tasse,cup
assiette; l'assiette; une assiette,plate
couteau; le couteau,knife
fourchette; la fourchette,fork
cuillère; la cuillère,spoon
bouteille; la bouteille,bottle
maison; la maison,house; home
appartement; l'appartement; un appartement,apartment; flat
chambre; la chambre,bedroom; room
salon; le salon,living room
salle de bains; la salle de bains,bathroom
toilettes; les toilettes,toilet; restroom
jardin; le jardin,garden; yard
porte; la porte,door
fenêtre; la fenêtre,window
mur; le mur,wall
sol; le sol,floor; ground
escalier; l'escalier; un escalier,stairs; staircase
ascenseur; l'ascenseur; un ascenseur,elevator; lift
clé; la clé,key
table; la table,table
chaise; la chaise,chair
canapé; le canapé,sofa; couch
lit; le lit,bed
armoire; l'armoire; une armoire,wardrobe; cupboard
lampe; la lampe,lamp
télévision; la télévision,television; TV
radio; la radio,radio
téléphone; le téléphone,telephone; phone
portable; le portable,cell phone; mobile
ordinateur; l'ordinateur; un ordinateur,computer
frigo; le frigo,fridge
four; le four,oven
douche; la douche,shower
savon; le savon,soap
serviette; la serviette,towel; napkin
brosse à dents; la brosse à dents,toothbrush
poubelle; la poubelle,trash can; bin
étage; l'étage; un étage,floor; storey
adresse; l'adresse; une adresse,address
ville; la ville,city; town
village; le village,village
rue; la rue,street
place; la place,square (in town); place; seat
magasin; le magasin,shop; store
marché; le marché,market
supermarché; le supermarché,supermarket
boulangerie; la boulangerie,bakery
pharmacie; la pharmacie,pharmacy; drugstore
banque; la banque,bank
poste; la poste,post office
hôpital; l'hôpital; un hôpital,hospital
école; l'école; une école,school
université; l'université; une université,university
bibliothèque; la bibliothèque,library
musée; le musée,museum
cinéma; le cinéma,cinema; movie theater
parc; le parc,park
église; l'église; une église,church
hôtel; l'hôtel; un hôtel,hotel
gare; la gare,train station
aéroport; l'aéroport; un aéroport,airport
centre-ville; le centre-ville,city center; downtown
piscine; la piscine,swimming pool
plage; la plage,beach
argent; l'argent; un argent,money; silver
prix; le prix,price; prize
euro; l'euro; un euro,euro
cadeau; le cadeau,gift; present
sac; le sac,bag
liste; la liste,list
courses; les courses,shopping; groceries
client; le client,customer; client
vendeur; le vendeur,salesperson; seller
voyage; le voyage,trip; journey
voiture; la voiture,car
bus; le bus,bus
train; le train,train
métro; le métro,subway; metro
avion; l'avion; un avion,plane; airplane
bateau; le bateau,boat; ship
vélo; le vélo,bicycle; bike
moto; la moto,motorbike; motorcycle
taxi; le taxi,taxi; cab
billet; le billet,ticket; banknote
passeport; le passeport,passport
valise; la valise,suitcase
bagages; les bagages,luggage; baggage
pays; le pays,country
monde; le monde,world
carte postale; la carte postale,postcard
touriste; le touriste,tourist
arrêt; l'arrêt; un arrêt,stop (bus)
étranger; l'étranger; un étranger,foreigner; abroad
campagne; la campagne,countryside
montagne; la montagne,mountain
mer; la mer,sea
lac; le lac,lake
rivière; la rivière,river
forêt; la forêt,forest
travail; le travail,work; job
métier; le métier,job; profession
bureau; le bureau,office; desk
entreprise; l'entreprise; une entreprise,company; business
patron; le patron,boss
collègue; le collègue,colleague; coworker
réunion; la réunion,meeting
rendez-vous; le rendez-vous,appointment; date
médecin; le médecin,doctor
professeur; le professeur,teacher; professor
étudiant; l'étudiant; un étudiant,student
classe; la classe,class; classroom
cours; le cours,course; lesson; class
leçon; la leçon,lesson
devoirs; les devoirs,homework
examen; l'examen; un examen,exam; test
question; la question,question
réponse; la réponse,answer; reply
mot; le mot,word
phrase; la phrase,sentence
langue; la langue,language; tongue
livre; le livre,book
cahier; le cahier,notebook
stylo; le stylo,pen
crayon; le crayon,pencil
papier; le papier,paper
lettre; la lettre,letter
journal; le journal,newspaper; diary
photo; la photo,photo; picture
histoire; l'histoire; une histoire,story; history
idée; l'idée; une idée,idea
exemple; l'exemple; un exemple,example
cuisinier; le cuisinier,cook; chef
policier; le policier,police officer
corps; le corps,body
tête; la tête,head
visage; le visage,face
œil; l'œil; un œil,eye
yeux; les yeux,eyes
oreille; l'oreille; une oreille,ear
nez; le nez,nose
bouche; la bouche,mouth
dent; la dent,tooth
cheveux; les cheveux,hair
main; la main,hand
bras; le bras,arm
jambe; la jambe,leg
pied; le pied,foot
dos; le dos,back
ventre; le ventre,stomach; belly
cœur; le cœur,heart
santé; la santé,health
maladie; la maladie,illness; disease
malade,sick; ill
médicament; le médicament,medicine; medication
rhume; le rhume,cold (illness)
fièvre; la fièvre,fever
douleur; la douleur,pain
accident; l'accident; un accident,accident
lunettes; les lunettes,glasses
vêtements; les vêtements,clothes; clothing
pantalon; le pantalon,pants; trousers
jean; le jean,jeans
robe; la robe,dress
jupe; la jupe,skirt
chemise; la chemise,shirt
tee-shirt; le tee-shirt,T-shirt
pull; le pull,sweater; jumper
manteau; le manteau,coat
veste; la veste,jacket
chaussure; la chaussure,shoe
chaussette; la chaussette,sock
chapeau; le chapeau,hat
écharpe; l'écharpe; une écharpe,scarf
montre; la montre,watch (wristwatch)
taille; la taille,size; waist
couleur; la couleur,color; colour
rouge,red
bleu,blue
vert,green
jaune,yellow
noir,black
blanc,white
gris,gray; grey
marron,brown
rose,pink
violet,purple; violet
clair,light (color); bright
foncé,dark (color)
météo; la météo,weather forecast; weather
soleil; le soleil,sun
pluie; la pluie,rain
neige; la neige,snow
vent; le vent,wind
nuage; le nuage,cloud
orage; l'orage; un orage,storm; thunderstorm
ciel; le ciel,sky
étoile; l'étoile; une étoile,star
lune; la lune,moon
terre; la terre,earth; ground; land
air; l'air; un air,air
feu; le feu,fire
fleur; la fleur,flower
arbre; l'arbre; un arbre,tree
plante; la plante,plant
nature; la nature,nature
île; l'île; une île,island
animal; l'animal; un animal,animal
chien; le chien,dog
chat; le chat,cat
oiseau; l'oiseau; un oiseau,bird
cheval; le cheval,horse
vache; la vache,cow
cochon; le cochon,pig
mouton; le mouton,sheep
lapin; le lapin,rabbit
souris; la souris,mouse
sport; le sport,sport
football; le football,soccer; football
tennis; le tennis,tennis
natation; la natation,swimming
jeu; le jeu,game
musique; la musique,music
chanson; la chanson,song
film; le film,movie; film
danse; la danse,dance; dancing
équipe; l'équipe; une équipe,team
ballon; le ballon,ball; balloon
plaisir; le plaisir,pleasure
être,to be
avoir,to have
aller,to go
venir,to come
faire,to do; to make
dire,to say; to tell
parler,to speak; to talk
écouter,to listen; to listen to
entendre,to hear
voir,to see
regarder,to watch; to look at
lire,to read
écrire,to write
comprendre,to understand
savoir,to know (facts)
connaître,to know (people or places)
apprendre,to learn
étudier,to study
penser,to think
vouloir,to want
pouvoir,can; to be able to
devoir,must; to have to
aimer,to like; to love
adorer,to love; to adore
détester,to hate
préférer,to prefer
donner,to give
prendre,to take
mettre,to put; to put on
porter,to wear; to carry
acheter,to buy
vendre,to sell
payer,to pay
coûter,to cost
manger,to eat
boire,to drink
dormir,to sleep
se réveiller,to wake up
se lever,to get up
se coucher,to go to bed
se laver,to wash (oneself)
s'habiller,to get dressed
travailler,to work
jouer,to play
chanter,to sing
danser,to dance
nager,to swim
courir,to run
marcher,to walk
voyager,to travel
visiter,to visit (a place)
partir,to leave
arriver,to arrive; to happen
rester,to stay; to remain
rentrer,to go home; to come back
entrer,to enter; to go in
sortir,to go out; to exit
monter,to go up; to climb
descendre,to go down; to get off
tomber,to fall
ouvrir,to open
fermer,to close; to shut
commencer,to start; to begin
finir,to finish; to end
arrêter,to stop
continuer,to continue
attendre,to wait; to wait for
chercher,to look for; to search
trouver,to find
perdre,to lose
oublier,to forget
aider,to help
demander,to ask; to ask for
répondre,to answer; to reply
appeler,to call
envoyer,to send
montrer,to show
expliquer,to explain
rencontrer,to meet
inviter,to invite
habiter,to live (reside)
vivre,to live
changer,to change
choisir,to choose
essayer,to try; to try on
gagner,to win; to earn
nettoyer,to clean
pleuvoir,to rain
préparer,to prepare
avoir besoin de,to need
avoir faim,to be hungry
avoir soif,to be thirsty
avoir peur,to be afraid; to be scared
il y a,there is; there are
il faut,one must; it is necessary
s'amuser,to have fun
grand,big; tall
petit,small; little
gros,big; fat
jeune,young
vieux,old
nouveau,new
beau,beautiful; handsome
joli,pretty
bon,good
mauvais,bad
facile,easy
difficile,difficult; hard
long,long
court,short
rapide,fast; quick
lent,slow
chaud,hot; warm
froid,cold
propre,clean
sale,dirty
plein,full
vide,empty
ouvert,open
fermé,closed
cher,expensive; dear
gratuit,free (no cost)
libre,free; available
occupé,busy; occupied
fatigué,tired
content,happy; glad
heureux,happy
triste,sad
fort,strong; loud
gentil,kind; nice
sympa,nice; friendly (informal)
drôle,funny
intéressant,interesting
important,important
vrai,true; real
faux,false; wrong
même,same
autre,other; another
seul,alone; lonely
premier,first
dernier,last
prochain,next
français,French
anglais,English
délicieux,delicious
super,great; awesome
