Korean,English
가구,household; family unit
가난,poverty
가능,possibility; being possible
가능해지다,to become possible
가득히,fully; to the brim
가라앉다,to sink; to settle; to calm down
가려지다,to be covered; to be hidden
가령,for example; supposing
가로등,streetlight
가로막다,to block; to obstruct
가로수,roadside trees
가르다,to split; to divide
가르침,teaching; lesson
가만,still; quietly; leaving as is
가만있다,to stay still; to keep quiet
가뭄,drought
가사,lyrics
가상,virtual; imaginary
가입,joining; signing up
가입자,subscriber; member
가입하다,to join; to sign up
가장,head of the family; breadwinner
가정,assumption; supposition
가정교사,private tutor
가치,value; worth
가치관,values; view of values
가톨릭,Catholicism; Catholic
가하다,to apply; to inflict
각기,each; respectively
각오,resolve; determination; readiness
간,seasoning; saltiness; liver
간격,interval; gap
간부,executive; senior official
간섭,interference; meddling
간신히,barely; narrowly
간접,indirectness; indirect
간접적,indirect
간판,signboard; sign
간편하다,to be simple and convenient; to be handy
간호,nursing; care (of the sick)
간혹,occasionally; sometimes
갇히다,to be locked up; to be confined
갈등,conflict; discord
갈수록,increasingly; as time goes by
갈증,thirst
감,feeling; sense
감각,sense; sensation
감다,to wind; to wrap (bandage)
감독,director; supervisor; supervision
감동적,moving; touching
감소,decrease; reduction
감소되다,to be decreased; to be reduced
감소하다,to decrease; to decline
감수성,sensitivity; sensibility
감싸다,to wrap; to cover; to protect
감옥,prison; jail
감정적,emotional
감추다,to hide; to conceal
감히,daringly; how dare
갑,pack (of cigarettes); small box
갑작스럽다,to be sudden; to be unexpected
값싸다,to be cheap; to be inexpensive
강남,Gangnam; south of the river
강도,intensity; strength
강력하다,to be powerful; to be strong
강력히,strongly; forcefully
강렬하다,to be intense; to be fierce
강변,riverside
강북,Gangbuk; north of the river
강사,lecturer; instructor
강수량,precipitation; rainfall amount
강요하다,to force; to coerce
강의,lecture
강의하다,to lecture
강조,emphasis; stress
강화하다,to strengthen; to reinforce
갖가지,all kinds; various sorts
갖추다,to equip; to prepare; to have in place
같이하다,to do together; to share
갚다,to pay back; to repay
개개인,each individual
개국,(counter for) countries
개다,to clear up (weather)
개미,ant
개발되다,to be developed
개방,opening (to the public)
개방되다,to be opened (to the public)
개방하다,to open (to the public)
개별,individual; separate
개선,improvement
개선되다,to be improved
개선하다,to improve
개성,individuality; personality
객관적,objective
거꾸로,upside down; backwards; in reverse
거대하다,to be huge; to be enormous
거두다,to gather in; to reap; to achieve
거들다,to help out; to lend a hand
거듭,repeatedly; again and again
거리,distance
거부하다,to refuse; to reject
거액,large sum of money
거절하다,to refuse; to decline
거치다,to pass through; to go via
거칠다,to be rough; to be coarse
거품,bubble; foam
건,case; matter; (counter for) items
건너,across; the other side
건넌방,room across the hall
건네다,to hand over; to pass
건네주다,to hand over; to pass to someone
건드리다,to touch; to provoke
건설,construction
건설되다,to be constructed; to be built
건설하다,to construct; to build
건전하다,to be sound; to be wholesome
건조,dryness; drying
건조하다,to be dry
걷기,walking
걷다,to roll up (sleeves); to take in (laundry)
걸치다,to hang over; to span; to throw on (clothes)
검사,prosecutor
검토,review; examination
겁나다,to be scared; to feel afraid
게,crab
게시판,bulletin board; notice board
게으르다,lazy; idle
겨자,mustard
겪다,to experience; to undergo
견해,view; opinion
결과적,resultant; consequential
결론,conclusion
결석,absence (from class)
결석하다,to be absent (from class)
결승,final match; finals
결심,resolution; determination
결코,never (with negative); by no means
경계,boundary; border
경고,warning
경고하다,to warn
경기,economic conditions; business climate
경력,career; work experience
경비,expenses; costs
경영하다,to manage; to run (a business)
경쟁,competition
경쟁력,competitiveness
경제력,economic power; financial means
경제학,economics
경향,tendency; trend
계곡,valley; ravine
계좌,bank account
계층,social class; stratum
고개,mountain pass; hill
고구려,Goguryeo (ancient kingdom)
고궁,old palace; ancient palace
고급스럽다,luxurious; high-class
고려,Goryeo (dynasty)
고무신,rubber shoes
고소하다,nutty; savory (taste)
고요하다,quiet; still; tranquil
고작,at most; merely; only
고전,classic; classical literature
고집,stubbornness; obstinacy
고집하다,to insist on; to stick to
고통스럽다,painful; agonizing
고함,shout; yell
곡,piece of music; tune
곡식,grain; cereals
곤란하다,difficult; awkward (situation)
곧다,straight; upright
곧이어,right after; immediately following
곧잘,quite well; fairly often
곧장,straight (ahead); directly
골,goal (sports)
골고루,evenly; in a balanced way
골짜기,valley; ravine
골치,head; headache (figurative)
공개,disclosure; opening to the public
공개하다,to make public; to disclose
공격,attack
공격하다,to attack
공공,public (communal)
공군,air force
공급,supply
공기,small bowl (for rice)
공식,official (formal); formula (math)
공식적,official; formal
공업,industry (manufacturing)
공연되다,to be performed (on stage)
공연장,performance venue; concert hall
공연하다,to perform (on stage)
공연히,needlessly; in vain
공주,princess
공중,the air; midair
공통,being common; shared
공통되다,to be common (shared)
공통적,common; shared
공통점,common point; similarity
공포,fear; terror
공해,pollution
과,department (academic)
과거,civil service exam (historical)
과연,indeed; as expected
과외,private tutoring; extracurricular
과정,process; course (curriculum)
관계되다,to be related to; to be involved in
관계없이,regardless of
관계자,person concerned; interested party
관광버스,tour bus; sightseeing bus
관념,notion; concept
관람,viewing (a show); spectating
관람객,spectator; viewer
관리,government official
관리하다,to manage; to administer
관습,custom; convention
관심사,matter of interest; concern
관점,point of view; perspective
관찰,observation
광경,scene; sight; spectacle
광장,plaza; public square
괴로움,suffering; distress
괴로워하다,to suffer; to be distressed
괴롭히다,to bother; to torment; to bully
굉장하다,amazing; magnificent
교내,on campus; within the school
교대,shift (work); rotation
교복,school uniform
교사,teacher; schoolteacher
교시,class period (counter)
교양,refinement; general culture
교외,suburbs; outskirts
교육비,education expenses
교육자,educator
교장,principal; headmaster
교재,teaching materials; textbook
교직,teaching profession
교체,replacement; substitution
교환하다,to exchange
교훈,lesson (moral); teaching
구,district (administrative)
구르다,to roll; to tumble
구별,distinction; differentiation
구별되다,to be distinguished
구별하다,to distinguish; to tell apart
구분,division; classification
구분되다,to be divided; to be classified
구분하다,to divide; to classify
구석,corner; nook
구석구석,every corner; every nook and cranny
구성,composition; organization; makeup
구성되다,to be composed of; to consist of
구성하다,to compose; to organize; to form
구속,restraint; detention; arrest
구속되다,to be detained; to be restrained
구속하다,to detain; to restrain
구역,zone; district; area
구입,purchase
구입하다,to purchase; to buy
구조,structure
구청,district office; ward office
국가적,national; nationwide
국내선,domestic flight; domestic line
국내외,domestic and foreign; home and abroad
국민적,national; of the people
국사,national history; Korean history
국산,domestic product; domestically made
국왕,king; monarch
국적,nationality; citizenship
국제선,international flight; international line
국제적,international
국제화,internationalization; globalization
국회,National Assembly; parliament
군,county (administrative district)
군사,military affairs; soldier
굳다,to be hard; to be firm
굳어지다,to harden; to stiffen
굳히다,to harden; to solidify (resolve)
굶다,to starve; to skip a meal
굽히다,to bend (one's body); to yield
궁극적,ultimate; final
권리,right (legal); entitlement
권위,authority; prestige
귀가,returning home
귀가하다,to return home
귀신,ghost; spirit
귀중하다,to be precious; to be valuable
귀찮다,to be annoying; to be bothersome
귀하다,to be precious; to be rare; to be noble
귓속,inside the ear
규모,scale; size
규정,regulation; rule
균형,balance; equilibrium
귤,tangerine; mandarin
그간,meanwhile; during that time
그나마,even so; at least (that much)
그녀,she; her
그놈,that guy; that fellow (derogatory)
그대,you (poetic); thou
그때그때,each time; case by case
그래야,only then; only that way
그래픽,graphic; graphics
그러다,to do so; to say so
그런대로,tolerably; passably; in its own way
그럴듯하다,to be plausible; to be convincing
그루,counter for trees
그리로,to there; that way
그리움,longing; yearning
그리워하다,to miss; to long for
그리하여,and so; thus
그사이,meanwhile; in the meantime
그야말로,truly; indeed; literally
그이,that person; he (one's husband)
그저,just; merely; only
그저께,the day before yesterday
그전,before that; former times
그제서야,only then; not until then
그제야,only then; not until then
그토록,so much; to that extent
극,drama; play
극복,overcoming; conquest
극복하다,to overcome; to get over
극작가,playwright; dramatist
극히,extremely; exceedingly
근거,basis; grounds; evidence
근거하다,to be based on
근교,suburbs; outskirts
근래,recent times; lately
근로,labor; work
근본,root; foundation; origin
근본적,fundamental; basic
근원,origin; source; root
근육,muscle
긁다,to scratch
금,line; crack
금강산,Mount Geumgang
금고,safe; vault
금메달,gold medal
금세,in no time; quickly; soon
금액,amount of money; sum
금지되다,to be prohibited; to be banned
금하다,to forbid; to prohibit
급격히,rapidly; sharply; drastically
급속히,rapidly; at high speed
급증하다,to increase rapidly; to surge
급히,hurriedly; urgently; in a rush
긋다,to draw (a line)
기,energy; spirit; flag
기관,institution; agency; organ
기구,equipment; apparatus; organization
기기,device; appliance; machinery
기념,commemoration; remembrance
기념일,anniversary; commemoration day
기념품,souvenir; memento
기념하다,to commemorate; to celebrate
기능,function; skill
기다,to crawl
기대다,to lean on; to rely on
기대되다,to be expected; to be anticipated
기도하다,to pray
기독교,Christianity
기둥,pillar; column
기록,record; documentation
기록되다,to be recorded
기막히다,to be dumbfounding; to be amazing
기법,technique; method
기본적,basic; fundamental
기성,ready-made; established (existing)
기성세대,older generation; established generation
기술자,engineer; technician
기술하다,to describe; to give an account
기억되다,to be remembered
기업,company; enterprise; corporation
기업인,businessperson; entrepreneur
기여,contribution
기여하다,to contribute
기울다,to tilt; to lean
기울이다,to tilt (something); to devote (attention)
기원,origin
기원전,BC; before Christ
기적,miracle
기초적,basic; elementary; foundational
기초하다,to be based on
기타,the rest; et cetera; other things
기호,symbol; sign
기혼,married (status)
기획,planning; project planning
기후,climate
긴급,emergency; urgency
긴장감,tension; sense of tension
긴장되다,to get nervous; to be tense
길어지다,to get longer
김,steam; vapor | opportunity; chance (as in -는 김에)
깊숙이,deeply; deep inside
까다,to peel; to shell
까먹다,to peel and eat; to forget (informal)
까치,magpie
깍두기,diced radish kimchi
깔끔하다,to be neat; to be tidy
깔다,to spread out; to lay (bedding)
깔리다,to be spread out; to be covered
깡패,gangster; thug
깨끗해지다,to become clean
깨닫다,to realize
깨달음,realization; enlightenment
깨뜨리다,to break; to shatter
깨소금,sesame salt; ground sesame seasoning
깨어나다,to wake up; to regain consciousness
깨어지다,to be broken; to shatter
깨우다,to wake (someone) up
꺾다,to snap; to break off
꼬리,tail
꼬마,little kid
꼭,tightly; firmly
꼴,shape; sorry state
꼼꼼하다,to be meticulous; to be thorough
꼼짝,budging; slight movement
꼽히다,to be counted among; to be ranked
꽂다,to insert; to stick in
꽃씨,flower seed
꽉,tightly; fully
꾸다,to borrow (money)
꾸리다,to pack; to manage (a household)
꾸준하다,to be steady; to be persistent
꾸중,scolding
끈,string; strap; cord
끊기다,to be cut off; to be disconnected
끊임없다,to be ceaseless; to be constant
끊임없이,constantly; ceaselessly
끌리다,to be dragged; to be attracted
끌어당기다,to pull toward oneself; to draw in
끝없다,to be endless
끝없이,endlessly
끼,meal (counter)
끼어들다,to cut in; to interrupt
끼우다,to insert; to fasten (a button)
나누어지다,to be divided
나뉘다,to be divided; to be split
나들이,outing; short trip
나란히,side by side
나르다,to carry; to transport
나름,depending on; in one's own way
나아가다,to advance; to move forward
나아지다,to improve; to get better
나침반,compass
낚시꾼,angler; fisherman
낚싯대,fishing rod
난리,uproar; chaos; upheaval
난방,heating
날리다,to fly (something); to let flutter
날아다니다,to fly around
날카롭다,to be sharp
남,others; other people; stranger
남미,South America
남부,southern part; southern region
남북,north and south
납득하다,to accept (an explanation); to be convinced
낭비,waste; squandering
낮아지다,to become lower
낮추다,to lower
낱말,word; vocabulary item
내,within; inside (a period)
내과,internal medicine (department)
내다보다,to look out; to foresee
내달,next month
내려지다,to be lowered; to be handed down
내버리다,to throw away; to abandon
내보내다,to send out; to let out
내부,interior; the inside
내쉬다,to exhale; to breathe out
내외,inside and outside; approximately | husband and wife
내용물,contents
내적,inner; internal
내주다,to hand over; to give out
내후년,year after next
냇물,stream water; brook
냉동,freezing; frozen storage
냉방,air conditioning; cooling (a room)
넉,four (before counters)
넉넉하다,to be ample; to be sufficient
널리,widely
넘겨주다,to hand over; to pass on
넘기다,to turn over; to pass (a deadline); to hand over
넘어뜨리다,to knock down; to topple
넘어오다,to fall toward; to come over
년생,born in (year)
노동,labor; work
노선,route; (transit) line
녹다,to melt; to dissolve
녹이다,to melt (something); to thaw
녹화,(video) recording
논,rice paddy
논리,logic
논리적,logical
논쟁,debate; dispute
논하다,to discuss; to argue
놀리다,to tease; to make fun of
놈,guy; fellow (derogatory)
농민,farmer; peasant
농부,farmer
농사일,farm work
농사짓다,to farm; to do farming
농산물,agricultural products; farm produce
농장,farm
놓아두다,to leave (something) somewhere; to set down
놔두다,to leave alone; to let be
뇌,brain
눈가,area around the eyes
눈감다,to close one's eyes; to pass away
눈길,gaze; glance
눈동자,pupil (of the eye)
눈뜨다,to open one's eyes; to awaken
눈병,eye disease; eye infection
눈부시다,dazzling; blinding
늑대,wolf
늘어놓다,to lay out; to rattle off (excuses)
늘어서다,to line up; to stand in a row
늘어지다,to droop; to sag; to stretch
능동적,active; proactive
늦가을,late autumn; late fall
늦어지다,to be delayed; to get later
다가서다,to step closer; to approach
다듬다,to trim; to polish; to refine
다루다,to handle; to deal with
다름없다,no different (from); just like
다만,only; merely; however
다방,tearoom; (old-style) coffee shop
다소,somewhat; to some extent
다양성,diversity; variety
다양해지다,to become diverse; to diversify
다정하다,affectionate; warm; friendly
다지다,to mince; to firm up; to solidify
다짐하다,to resolve; to vow; to pledge
다투다,to quarrel; to argue
다툼,quarrel; dispute
다행,good fortune; relief
닥치다,to be imminent; to befall
단,tier; column (of text); step
단계,stage; phase; step
단골,regular (customer)
단단하다,hard; solid; firm
단독,alone; solo; single-handed
단순,simplicity; simple
단위,unit (of measure)
단추,button (on clothes)
단편,short story; short piece
단풍,autumn foliage; maple
달다,to weigh (on a scale); to do (something) for me (in requests)
달래다,to soothe; to comfort
달려들다,to rush at; to pounce on
달리,differently; otherwise
달리기,running; a run
달리하다,to differ in; to make different
담,wall; fence
담당,being in charge; responsibility
담당자,person in charge
답,answer; solution
답변,reply; answer (formal)
당당하다,confident; dignified
당분간,for the time being; for now
당시,at that time; those days
당하다,to suffer; to fall victim to
대,stalk; counter (cigarettes); age range (20대)
대가,price; cost; compensation
대강,roughly; briefly
대개,mostly; in general; usually
대규모,large scale
대기,atmosphere; the air
대기하다,to wait; to stand by
대낮,broad daylight; midday
대다,to put against; to touch; to make it in time
대다수,the majority; most
대략,roughly; approximately
대량,large quantity; in bulk
대로,as (it is); according to
대륙,continent
대비,preparation (for); provision
대비하다,to prepare for; to provide against
대사,ambassador; lines (in a script)
대상자,eligible person; candidate
대신하다,to replace; to substitute for
대여섯,five or six
대응,response; countermeasure
대응하다,to respond to; to counter
대입,university entrance (exams)
대접,hospitality; treatment (of guests)
대접하다,to treat (someone); to serve
대중적,popular; mainstream
대책,countermeasure; measures
대처하다,to cope with; to deal with
대체,on earth (in questions); generally
대체로,generally; on the whole
대출,loan; lending
대충,roughly; cursorily
대표하다,to represent
대학로,Daehangno (Seoul street)
대합실,waiting room (at a station)
대형,large-size; large-scale
댐,dam
더더욱,even more; all the more
더러워지다,to get dirty
더불다,to accompany; to be together with
더욱,more; even more
더욱더,even more; all the more
더욱이,moreover; besides
덕,virtue; benefit
덜다,to reduce; to take out (a portion)
덧붙이다,to add; to attach
덩어리,lump; chunk
덮이다,to be covered
데우다,to heat up; to warm
데이트,date (romantic)
도,degree (temperature); province; the Way (moral path)
도달하다,to reach; to arrive at
도대체,on earth (in questions); at all
도덕,morality; ethics
도리어,on the contrary; rather
도마,cutting board
도망,escape; running away
도망치다,to run away; to flee
도심,city center; downtown
도움말,help tip; advice
도입,introduction (adoption); bringing in
도장,seal; stamp
도저히,possibly (with negative); utterly
도전,challenge
독감,flu; influenza
독립,independence
독립하다,to become independent
독창적,original; creative
독특하다,to be unique; to be distinctive
독하다,to be strong (smell); to be fierce
돌멩이,stone; pebble
돌아다니다,to wander around; to go around
동,same (aforementioned); counter for buildings
동그라미,circle
동그랗다,to be round
동기,classmate (same cohort); contemporary
동료,colleague; coworker
동부,eastern part; the east
동서,east and west
동서남북,all four directions
동양인,Asian person; Easterner
동의,agreement; consent
동의하다,to agree; to consent
동일하다,to be identical; to be the same
동작,movement; motion
동포,compatriot; fellow countryman
동행,going together; companion
동화책,storybook; fairy tale book
되돌리다,to turn back; to restore
되돌아가다,to go back; to return
되돌아보다,to look back on; to reflect
되돌아오다,to come back; to return
되살리다,to revive; to bring back
되찾다,to regain; to recover
되풀이되다,to be repeated
되풀이하다,to repeat
두께,thickness
두뇌,brain; brains (intellect)
두드러지다,to be prominent; to be conspicuous
두려움,fear; dread
두려워하다,to fear; to be afraid of
두렵다,to be afraid; to be fearful
두르다,to wrap around; to put on (scarf)
두리번거리다,to look around (restlessly)
두어,a couple of; two or so
둘러싸다,to surround; to wrap around
둘러싸이다,to be surrounded
둥지,nest
뒤늦다,to be belated; to be too late
뒤따르다,to follow behind
뒤지다,to rummage through; to search
뒤편,the back side; rear
뒷골목,back alley
뒷모습,view from behind; one's back
뒷문,back door; back gate
드디어,finally; at last
드러나다,to be revealed; to come to light
드물다,to be rare; to be scarce
들어주다,to grant (a request); to comply with
들여놓다,to bring in; to put inside
들이다,to let in; to spend (time or effort)
들이마시다,to inhale; to breathe in
들이켜다,to gulp down; to drink in one go
듯,as if; seeming like
듯싶다,to seem; to appear
듯하다,to seem like; to look like
등등,et cetera; and so on
등록증,registration card; registration certificate
등록하다,to register; to enroll
등장,appearance (on stage); entrance
등장하다,to appear (on scene); to enter
디스크,disk
따님,daughter (honorific)
따라다니다,to follow around; to tag along
따라서,therefore; accordingly
따로따로,separately; individually
따스하다,to be warm (mild)
딱,exactly; abruptly (to a stop)
딱딱하다,to be hard; to be stiff
딸아이,one's daughter
땅바닥,the ground; bare ground
땅속,underground; in the ground
때,grime; dirt (on skin)
때로,sometimes; at times
때리다,to hit; to beat
떠나가다,to leave; to go away
떠나오다,to come away from; to leave behind
떠들썩하다,to be noisy; to be boisterous
떡국,rice cake soup
떼,flock; herd; crowd
뚫다,to pierce; to drill (a hole)
뛰놀다,to run and play; to frolic
뛰어가다,to run (to); to dash
뛰어나다,to be outstanding; to be excellent
뛰어나오다,to run out; to dash out
뛰어내리다,to jump down; to leap off
뛰어넘다,to jump over; to leap over
뛰어놀다,to run around and play
뛰어오르다,to jump up; to leap up
뜨다,to leave (a place); to depart
뜯다,to tear open; to rip off
뜰,garden; yard
뜻대로,as one wishes; as intended
뜻밖,something unexpected; surprise
뜻밖에,unexpectedly; surprisingly
뜻하다,to mean; to intend
띄다,to catch the eye; to stand out
띄우다,to float (something); to launch
라운드,round (in sports)
라이벌,rival
라인,line
라켓,racket
레이저,laser
레저,leisure
로봇,robot
로터리,rotary; roundabout
리,ri (distance unit)
리그,league
리터,liter
마누라,wife (informal)
마당,yard; courtyard; occasion (bound noun)
마디,joint; knot; word (unit)
마땅하다,suitable; proper; deserving
마라톤,marathon
마련,preparation; arrangement; bound to (-기 마련)
마무리,finishing; wrap-up
마약,narcotics; drugs
마요네즈,mayonnaise
마음가짐,mindset; mental attitude
마음껏,to one's heart's content; freely
마음먹다,to make up one's mind; to resolve
마음씨,disposition; nature (of heart)
마이크,microphone; mic
마주치다,to bump into; to meet (eyes)
마찰,friction; conflict
마크,mark; logo
막걸리,makgeolli (rice wine)
막상,actually; when it comes to it
만,after (a period); reason to (do)
만만하다,easy to deal with; manageable
만세,hurrah; long live
만점,perfect score; full marks
만족,satisfaction
만족스럽다,satisfactory; satisfying
만하다,to be worth doing; to be as big as
만화가,cartoonist; comic artist
말기,late stage; final period
말다,to roll up
말리다,to stop (a fight); to dry (laundry)
말없이,without a word; silently
말투,way of speaking; tone
맘,heart; mind (=마음)
맘대로,as one pleases; freely
맛보다,to taste; to experience
망설이다,to hesitate
망원경,telescope
망치다,to ruin; to spoil
망하다,to go bankrupt; to be ruined
맞이하다,to greet; to welcome
맡다,to smell (sniff)
매,cane; a beating
매너,manners; etiquette
매달,every month; monthly
매달다,to hang; to suspend
매달리다,to hang from; to cling to
매번,every time; each time
매스컴,mass media
매장,store; shop
매주,every week; weekly
매체,medium; media
맺다,to form (drops); to conclude (ties)
머리말,preface; foreword
머리칼,hair (strands)
머물다,to stay; to remain
먹고살다,to make a living
먹다,to go deaf (ears)
먹이,feed; prey
멋지다,wonderful; stylish; cool
멍멍,bow-wow; woof
멎다,to stop; to cease
메우다,to fill (a gap); to plug
면,myeon (administrative division); side; surface; cotton
면담,interview; consultation
면적,area (size)
면접,(job) interview
면하다,to avoid; to escape; to be exempted
멸치,anchovy
명단,name list; roster
명령어,command (computing)
명예,honor; prestige
명의,name (legal title)
명칭,name; designation
명확하다,clear; definite
모,a certain (person); so-and-so
모금,sip; mouthful; puff
모범,model; good example
모색하다,to seek (a way); to explore
모여들다,to flock; to crowd in
모조리,all; entirely; one and all
모집,recruitment
모집하다,to recruit
모처럼,after a long while; for once
모퉁이,corner
목록,list; catalog
목숨,life (one's)
몰려들다,to flock in; to swarm
몰려오다,to come in crowds; to surge in
몸매,figure; body shape
몸속,inside the body
몸짓,gesture; body movement
몸통,torso; trunk (body)
못,nail
못되다,mean; nasty; bad
못생기다,ugly; bad-looking
못지않다,no less than; not inferior to
묘사,description; depiction
묘사하다,to describe; to depict
무,nothingness; nonexistence
무관심,indifference; lack of interest
무관심하다,to be indifferent; to be uninterested
무궁화,rose of Sharon (national flower)
무기,weapon; arms
무너지다,to collapse; to crumble
무대,stage
무덤,grave; tomb
무덥다,to be sweltering; to be muggy
무려,as many as; no less than
무료,free of charge
무리,group; crowd; excessive strain
무리하다,to be unreasonable; to be excessive
무사하다,to be safe; to be unharmed
무용가,dancer (professional)
무의미하다,to be meaningless
무지개,rainbow
무책임하다,to be irresponsible
묵다,to stay (lodge); to be old (stale)
묶이다,to be tied; to be bound
문구,phrase; wording
문득,suddenly; out of the blue
문밖,outside the door
문법,grammar
문서,document
문자,text message; letter (character)
문제되다,to become a problem
문학적,literary
문화재,cultural asset; cultural heritage
문화적,cultural
묻다,to bury
묻히다,to be buried; to get smeared on
물가,prices; cost of living
물결,wave; ripple
물기,moisture; wetness
물러나다,to step back; to retreat; to resign
물리학,physics
물질,matter; substance; material things
물질적,material; materialistic
물체,object; physical body
뭘,not at all; don't mention it
뭣,what (colloquial)
미,beauty
미끄러지다,to slip; to slide
미끄럽다,to be slippery
미니,mini
미루다,to postpone; to put off
미만,under; less than
미사일,missile
미스,Miss
미역,seaweed (wakame)
미용실,hair salon; beauty parlor
미움,hatred; hate
미처,not yet (with negative); not quite
미혼,unmarried; single
민간,civilian; private (sector)
민속,folk customs; folklore
민주,democracy
민주주의,democracy (system)
민주화,democratization
믿어지다,to be believable; to seem credible
밀리다,to be backed up; to be overdue; to be pushed
밀접하다,to be closely related; to be close
밑바닥,the very bottom; rock bottom
바,what (bound noun); bar
바가지,gourd bowl; scoop
바구니,basket
바깥쪽,the outside; outer side
바람,wish; hope
바람직하다,to be desirable
바로잡다,to correct; to straighten
바싹,bone-dry; closely; tightly
바이러스,virus
바치다,to offer; to dedicate; to devote
바퀴,wheel; lap (counter)
바탕,foundation; basis; background
박,night (counter for stays)
박다,to hammer in; to drive in
박히다,to be stuck in; to be embedded
반기다,to welcome; to greet gladly
반대편,opposite side
반말,informal speech; casual talk
반면,on the other hand; whereas
반발,backlash; opposition; resistance
반복되다,to be repeated
반성,self-reflection; introspection
반성하다,to reflect on oneself; to repent
반영하다,to reflect (opinions)
반응,reaction; response
반죽,dough; batter
반짝거리다,to sparkle; to glitter
반짝이다,to twinkle; to sparkle
발걸음,footsteps; pace
발길,one's steps; foot traffic
발끝,tiptoe; tip of the toe
발달되다,to be developed; to be advanced
발레,ballet
발바닥,sole of the foot
발자국,footprint
발전,power generation
발전되다,to be developed; to advance
발톱,toenail; claw
발표되다,to be announced; to be published
발휘하다,to demonstrate (ability); to exert
밝아지다,to brighten; to become bright
밝혀내다,to uncover; to find out
밝혀지다,to be revealed; to come to light
밤새,all night; overnight
밤새우다,to stay up all night
밤색,chestnut brown; dark brown
밤하늘,night sky
밥상,dining table; meal table
방면,direction; area (field)
방바닥,floor of a room
방송사,broadcasting company
방송하다,to broadcast
방식,method; way; style
방안,plan; measure; scheme
방울,drop (of liquid); little bell
방지,prevention
방지하다,to prevent
방해,disturbance; interference; obstruction
방해하다,to disturb; to interfere
배,times (multiplier); -fold
배다,to permeate; to soak in
배우자,spouse
배추김치,cabbage kimchi
배치,arrangement; placement
백두산,Mount Baekdu
백색,white (color)
백성,the people; commoners
백인,white person; Caucasian
백제,Baekje (ancient kingdom)
뱃사람,sailor; seaman
뱉다,to spit out
버려지다,to be abandoned; to be thrown away
버티다,to hold out; to endure
번개,lightning
번거롭다,cumbersome; troublesome
번역하다,to translate
번지,address number; lot number
벌,counter for clothes; bee; punishment
벌금,fine (money); penalty
벌떡,suddenly (springing up)
벌어지다,to widen (gap); to happen
범위,range; scope
범인,criminal; culprit
범죄,crime
법률,law; statute
법원,court (of law)
법적,legal
법칙,law (principle); rule
베다,to cut; to slash
벤치,bench
벼,rice plant; unhusked rice
변경,change; alteration
변동,fluctuation; change
변명,excuse; justification
변신,transformation; makeover
변화되다,to be changed
별다르다,particular; out of the ordinary
별도,separate; extra
별명,nickname
별일,unusual matter; anything particular
병실,hospital room; sickroom
병아리,chick; baby chicken
보고하다,to report
보관,storage; safekeeping
보내오다,to send over (to speaker)
보너스,bonus
보도,news report; press coverage
보도되다,to be reported (news)
보도하다,to report (news)
보라색,purple; violet
보름,fifteen days; full moon day
보리,barley
보살피다,to look after; to care for
보상,compensation; reward
보수,conservatism; repair
보수적,conservative
보안,security
보완하다,to supplement; to make up for
보자기,wrapping cloth; bojagi
보장,guarantee; assurance
보장되다,to be guaranteed
보장하다,to guarantee; to ensure
보전,preservation; conservation
보조,assistance; subsidy
보존,preservation
보존하다,to preserve
보충하다,to supplement; to replenish
보편적,universal; general
보호되다,to be protected
보호하다,to protect
복,luck; fortune; blessing
복사기,photocopier; copy machine
복숭아,peach
볶음,stir-fried dish; stir-fry
본,this (aforementioned); the said
본격적,full-scale; in earnest
본부,headquarters
본사,head office; main office
본성,true nature; innate character
본인,oneself; the person in question
본질,essence; true nature
볼,cheek
볼링,bowling
봉사,volunteer work; service
봉사하다,to volunteer; to serve
부,department; wealth
부담,burden; charge (expense)
부담하다,to bear (cost); to shoulder
부대,military unit; troops
부딪히다,to be bumped into; to collide with
부러지다,to break; to snap
부문,sector; division; category
부분적,partial
부상,injury; wound
부서,department (workplace); division
부서지다,to break; to be smashed
부위,part; region (of body)
부인,married woman; lady
부재,absence
부정,corruption; dishonesty
부정적,negative
부정하다,to deny
부지런히,diligently
부채,fan (handheld)
부친,father (formal)
부품,part; component
부피,volume; bulk
부회장,vice president; vice chairman
북부,northern part; the north
분노,rage; fury
분량,quantity; amount
분리,separation
분리되다,to be separated
분리하다,to separate
분명하다,clear; obvious
분명해지다,to become clear
분석,analysis
분야,field; area (of study)
분주하다,busy; bustling; hectic
분포하다,to be distributed; to be spread
분필,chalk
분홍색,pink; pink color
불가피하다,unavoidable; inevitable
불과,only; merely; no more than
불과하다,to be merely; to be no more than
불구하다,to be unhindered by; despite; in spite of
불러일으키다,to arouse; to evoke; to stir up
불리다,to soak (in water); to soften
불리하다,disadvantageous; unfavorable
불법,illegality; illegal act; Buddhist dharma
불어오다,to blow in (wind)
불완전하다,incomplete; imperfect
불이익,disadvantage; unfair loss
불편,inconvenience; discomfort
불평,complaint; grumbling
불평등하다,unequal; inequitable
불필요하다,unnecessary; needless
불행,unhappiness; misfortune
불확실하다,uncertain; unclear
붐비다,to be crowded; to be congested
붓다,to swell; to swell up
붙들다,to grab; to seize; to hold onto
붙잡다,to grab; to catch; to seize
붙잡히다,to be caught; to be arrested
브랜드,brand
비,stone monument; stele
비극,tragedy
비기다,to tie; to draw (a game)
비난,criticism; blame; censure
비다,to be empty; to be vacant
비둘기,pigeon; dove
비로소,finally; only then
비롯되다,to originate from; to stem from
비롯하다,to include; to begin with
비만,obesity
비명,scream; shriek
비바람,rainstorm; wind and rain
비비다,to rub; to mix (rice)
비상,emergency
비우다,to empty; to vacate
비웃다,to mock; to ridicule; to laugh at
비율,ratio; rate; proportion
비중,relative importance; proportion; weight
비추다,to shine on; to illuminate
비치다,to shine; to be reflected
비판,criticism; critique
비판적,critical; being critical
비하다,to compare (to); to be compared with
비행,flight; flying; misconduct (delinquency)
비행장,airfield; airport
빗방울,raindrop
빗줄기,streak of rain; heavy rain streaks
빚,debt
빛깔,color; hue
빛나다,to shine; to sparkle
빠뜨리다,to drop into; to omit; to leave out
빠져나가다,to escape; to slip out
빠져나오다,to get out; to escape from
빨다,to suck; to suckle
빼놓다,to leave out; to omit; to set aside
빼앗기다,to be robbed of; to be deprived of
빼앗다,to take away; to snatch; to rob
뺏다,to snatch; to take away
뻔하다,to nearly do (aux); obvious
뽑히다,to be pulled out; to be selected
뿌리치다,to shake off; to brush aside; to refuse
사건,incident; event; case
사고,thinking; thought
사과,apology
사귀다,to make friends; to date
사기,morale; fighting spirit
사나이,man; manly fellow
사냥,hunting; hunt
사들이다,to buy up; to purchase
사례,example; case; instance
사립,private (institution)
사망,death; decease
사망하다,to die; to pass away
사무소,office
사무직,office job; clerical work
사방,all directions; all sides
사상,in history; on record
사생활,private life; privacy
사설,editorial
사소하다,trivial; minor; trifling
사슴,deer
사실상,in fact; virtually; practically
사업가,businessman; entrepreneur
사업자,business operator; business owner
사이사이,gaps in between; intervals
사전,beforehand; in advance; prior
사정,circumstances; situation
사춘기,puberty; adolescence
사투리,dialect; regional accent
사표,resignation letter
사회생활,social life; work life
사회자,host; emcee; moderator
사회주의,socialism
사회학,sociology
산길,mountain path; mountain trail
산부인과,obstetrics and gynecology; OB-GYN
산업,industry
살림,housekeeping; household affairs
살아가다,to live on; to get along
살아나다,to revive; to survive; to come back to life
살아남다,to survive
살아오다,to live through; to come back alive
살인,murder; homicide
살피다,to look around; to examine; to check
삶,life; living
삼가다,to refrain from; to abstain
삼계탕,samgyetang; ginseng chicken soup
삼국,three kingdoms; Three Kingdoms (Korea)
삼다,to make (someone) into; to adopt as
삼키다,to swallow
상,top grade; table (for meals); statue
상관,relation; concern; correlation
상관없다,to not matter; to be irrelevant
상관없이,regardless of
상금,prize money
상담,consultation; counseling
상당,considerable amount; equivalence
상당수,a considerable number
상당하다,to be considerable; to be substantial
상당히,considerably; quite
상대성,relativity
상대적,relative; comparative
상대편,the other side; opponent
상류,upstream; upper class
상반기,first half of the year
상상력,imagination; imaginative power
상식,common sense
상업,commerce; business
상인,merchant; trader
상점,store; shop
상징적,symbolic
상징하다,to symbolize
상쾌하다,to be refreshing; to feel refreshed
상태,state; condition
상표,trademark; brand
상황,situation; circumstances
새,gap; interval (of time)
새기다,to engrave; to carve
새다,to leak
새로이,newly; anew
새롭다,to be new; to be fresh
새우다,to stay up (all night)
색다르다,to be unusual; to be novel
색연필,colored pencil
생,life; lifetime
생기,vitality; liveliness
생명,life
생물,living thing; organism
생방송,live broadcast
생산,production
생산되다,to be produced
생산력,productivity; productive capacity
생산자,producer
생산하다,to produce
생활비,living expenses; cost of living
생활수준,standard of living
생활용품,household goods; daily necessities
서구,the West; Western Europe
서늘하다,to be cool; to be chilly
서명,signature
서명하다,to sign
서민,ordinary people; common people
서부,western part; the west (region)
서서히,gradually; slowly
서양인,Westerner
서적,books; publications
서클,club; circle (group)
서툴다,to be clumsy; to be unskilled
석,three (before counters); seat (counter)
석사,master's degree
선,line
선거,election
선명하다,to be clear; to be vivid
선언하다,to declare; to proclaim
선원,sailor; crew member
선장,captain (of a ship)
선전,advertisement; publicity; propaganda
선정하다,to select; to choose
선진,advanced; developed
선진국,advanced country; developed country
선호하다,to prefer
설득하다,to persuade
설립하다,to establish; to found
설명되다,to be explained
설문,survey question; questionnaire
설사,even if; supposing that
설치,installation
설치되다,to be installed
설치하다,to install; to set up
섭섭하다,to be disappointed; to feel hurt
성,gender; sex; castle
성경,the Bible
성공적,successful
성당,Catholic church; cathedral
성립되다,to be formed; to come into being
성립하다,to be established; to come into being
성명,statement; declaration
성숙하다,to mature; to ripen
성실하다,to be sincere; to be diligent
성장,growth
성장하다,to grow; to develop
성적,sexual
성질,nature; temper; property
세,the Nth (monarchs); generation (counter)
세계관,worldview
세다,to count
세대,generation
세련되다,to be refined; to be stylish
세미나,seminar
세상에,oh my goodness; good heavens
세월,time; the years
세제,detergent
세종대왕,King Sejong the Great
세트,set
섹시하다,to be sexy
셈,calculation; reckoning
소규모,small scale
소극적,passive; halfhearted
소득,income
소망,wish; hope
소매,sleeve
소박하다,to be simple; to be unpretentious
소비,consumption
소비하다,to consume
소속,affiliation; belonging
소수,minority; small number
소아과,pediatrics; pediatric clinic
소요되다,to be required; to take (time)
소용,use; usefulness
소원,wish
소위,so-called
소유,possession; ownership
소유자,owner
소유하다,to own; to possess
소음,noise
소재,material; subject matter
소중하다,to be precious; to be valuable
소중히,with care; preciously
소지품,belongings; personal effects
소질,aptitude; natural talent
소프트웨어,software
소형,small size; compact
소홀히,negligently; carelessly
소화,digestion
소화하다,to digest
속담,proverb; saying
속마음,inner feelings; true feelings
속삭이다,to whisper
속상하다,to be upset; to be distressed
속이다,to deceive; to cheat
손길,touch; helping hand
손등,back of the hand
손수,with one's own hands; personally
손쉽다,to be easy; to be effortless
손실,loss
손잡다,to hold hands; to join forces
손질,trimming; grooming; care
손질하다,to trim; to groom; to tend
손해,damage; loss
솜,cotton (wool)
솜씨,skill; dexterity
솟다,to soar; to rise; to gush
쇠,iron; metal
수,way; means; number
수고,effort; trouble; hard work
수단,means; method
수도,capital city
수도권,metropolitan area; capital region
수도꼭지,faucet; tap
수동적,passive
수리하다,to repair; to fix
수만,tens of thousands of
수면,sleep
수명,lifespan
수백,hundreds of
수석,top place; first rank
수시로,frequently; at any time
수십,dozens of; tens of
수업,study; training (of a skill)
수없이,countlessly; innumerably
수요,demand
수입되다,to be imported
수입품,imported goods
수저,spoon and chopsticks
수준,level; standard
수집,collecting; collection
수집하다,to collect; to gather
수천,thousands of
수컷,male (animal)
수필,essay
수행하다,to carry out; to perform
수험생,exam candidate; test taker
숙녀,lady
순간적,momentary; instantaneous
순수,purity
순식간,an instant; a flash
순위,ranking; order
순진하다,to be naive; to be innocent
순하다,to be gentle; to be mild
숨기다,to hide; to conceal
숨지다,to die; to pass away
스승,teacher; mentor
스위치,switch
스치다,to brush past; to graze
스튜디오,studio
슬그머니,stealthily; quietly
슬쩍,furtively; casually
습기,moisture; humidity
승객,passenger
승리,victory
승리하다,to win; to triumph
승부,match; contest; showdown
승진,promotion (at work)
시,poem; poetry
시각,time (of day); point of view
시금치,spinach
시기,period; time; opportunity
시나리오,scenario; screenplay
시대적,of the times; historical
시댁,husband's family home (honorific)
시도,attempt; try
시들다,to wither; to wilt
시디,CD; compact disc
시디롬,CD-ROM
시멘트,cement
시선,gaze; eyes; attention
시스템,system
시야,field of vision; view
시외버스,intercity bus
시위,demonstration; protest
시일,time; days (required)
시장,mayor
시점,point in time
시중,the market; on the market
시즌,season (sports/shows)
시집,poetry collection; book of poems
시집가다,to marry (of a woman)
시청률,viewer ratings; TV ratings
시합,match; game; competition
식기,tableware; dishes
식량,food supplies; provisions
식료품,groceries; foodstuffs
식생활,dietary life; eating habits
식욕,appetite
식품점,grocery store; food shop
식히다,to cool (something) down
신,god; deity
신경,nerve; attention
신고하다,to report (to authorities)
신규,new (registration); newly established
신기하다,to be amazing; to be marvelous; to be novel
신념,belief; conviction
신라,Silla (ancient Korean kingdom)
신부,Catholic priest; father (clergy)
신분,social status; identity
신비,mystery; mystique
신사,gentleman
신설,new establishment; recent founding
신세,one's lot in life; indebtedness
신세대,new generation
신속하다,to be swift; to be rapid
신인,newcomer; rookie
신제품,new product
신중하다,to be cautious; to be prudent
신청서,application form
신청하다,to apply; to request
신체적,physical; bodily
신화,myth; mythology
실,thread; string
실감,real feeling; vivid sense (of reality)
실로,truly; indeed
실리다,to be loaded; to be published (in)
실망,disappointment
실망하다,to be disappointed
실습,practical training; practicum
실시,implementation; enforcement
실시되다,to be implemented; to be carried out
실시하다,to implement; to carry out
실은,actually; in fact
실장,office head; department chief
실정,actual situation; actual state
실제,actually; in reality
실제로,actually; in practice
실질적,substantial; practical (in substance)
실천,practice; putting into action
실천하다,to put into practice; to carry out
실체,true nature; substance; entity
실컷,to one's heart's content; as much as one wants
실태,actual conditions; real state
실험,experiment
실현,realization (of a dream)
실현되다,to be realized; to come true
실현하다,to realize; to make come true
심각해지다,to become serious; to worsen
심리적,psychological
심사,screening; judging; examination
심심하다,to be bored
심장,heart (organ)
심정,one's feelings; state of mind
심판,judgment; referee
싱싱하다,to be fresh (produce)
싶어지다,to come to want to
싸구려,cheap stuff; cheapie
싹,completely; entirely
싼값,low price; cheap price
쌍,pair; couple
쌍둥이,twins
썩,quite; remarkably; right away
썰렁하다,to be chilly; to be bleak
쓰다듬다,to stroke; to pat
쓰러지다,to fall over; to collapse
쓰이다,to be used; to be written
쓴맛,bitter taste
쓸다,to sweep
쓸데없다,to be useless; to be needless
쓸데없이,uselessly; needlessly
쓸쓸하다,to be lonely; to be desolate
씌우다,to put on (someone); to cover with
씨앗,seed
씻기다,to be washed; to wash (someone)
아깝다,to be a waste; to be regrettable
아끼다,to save; to cherish; to use sparingly
아냐,no (casual)
아니하다,to not (do/be) (formal negative)
아드님,son (honorific)
아랫사람,subordinate; one's junior
아르바이트,part-time job
아무개,so-and-so; someone (unnamed)
아무런,any (kind of); no (whatsoever)
아쉬움,regret; lingering sadness
아쉽다,to be a pity; to feel sorry to part
아스팔트,asphalt
아예,from the start; altogether; entirely
아울러,in addition; together with
아유,oh my; gosh
아이디어,idea
아하,aha
악몽,nightmare
안,proposal; plan
안개,fog; mist
안과,ophthalmology; eye clinic
안기다,to be held (in arms); to hand over (to someone's arms)
안내,guidance; information
안동,Andong (city)
안부,regards; well-being (news of)
안심하다,to feel relieved; to be at ease
안정,stability
안정되다,to become stable; to be stabilized
안팎,inside and outside; approximately
앉히다,to seat (someone)
알루미늄,aluminum
알아내다,to find out; to discover
알아보다,to look into; to recognize
알아주다,to acknowledge; to appreciate
알코올,alcohol
암시,hint; suggestion; implication
암컷,female (animal)
압력,pressure
앞날,future; days ahead
앞두다,to have (something) ahead; to be facing
앞문,front door; front gate
앞바다,offshore waters; nearby sea
앞서,ahead; beforehand; earlier
앞세우다,to put (someone) in front; to put forward
앞장서다,to take the lead
애,anxiety; worry (heart-burning distress)
애쓰다,to make an effort; to strive
애정,affection; love
애초,the very beginning; the outset
액수,amount (of money); sum
앨범,album
야간,nighttime; night (shift)
야구장,baseball stadium
야단,fuss; commotion; scolding
야옹,meow
야하다,to be racy; to be revealing
약,irritation; temper
약수,mineral spring water
약점,weak point; weakness
약품,medicine; pharmaceuticals
약해지다,to weaken; to become weak
약혼녀,fiancee
약혼자,fiance
얄밉다,to be annoying; to be hateful
양,sheep; both; Miss
양국,both countries
양력,solar calendar
양보,concession; yielding
양상추,lettuce
양식,Western food; style; form
양심,conscience
양옆,both sides
양주,Western liquor
얘,hey (to a child)
어기다,to break (promise); to violate
어느덧,before one knows; in no time
어려워지다,to become difficult
어리석다,to be foolish; to be stupid
어저께,yesterday
어지럽다,to be dizzy
어째서,why; how come
어쨌든,anyway; in any case
어쩌다,by chance; occasionally
어쩌다가,by chance; occasionally
어쩜,how (exclamation); maybe
어찌,how; why
어찌나,so (intensifier); how
어찌하다,to do what; to do somehow
억울하다,to feel wronged; to be unfair
언덕,hill
언론,press; media
언어,language
얻어먹다,to beg food; to get treated
얼리다,to freeze (something)
얼마간,some amount; for a while
얼핏,at a glance; fleetingly
엄격하다,to be strict
엄숙하다,to be solemn
엄청나다,to be enormous; to be tremendous
업다,to carry on one's back; to piggyback
업종,type of business; industry
업체,company; business enterprise
엇갈리다,to miss each other; to conflict
엉덩이,buttocks; hips; butt
엉망,mess; wreck
엉터리,nonsense; sham; phony
엎드리다,to lie face down; to prostrate
에,oh; ugh (disappointment)
엔진,engine
여가,leisure; free time
여간,ordinarily (with negative); not a little
여건,conditions; circumstances
여겨지다,to be considered; to seem
여군,female soldier
여기다,to consider; to regard as
여럿,several people; many
여론,public opinion
여왕,queen
여인,woman (literary)
여전하다,to be unchanged; to be as before
여전히,still; as ever
역,role; part (in acting)
역사상,in history; historically
역사학,historical studies; history (discipline)
연간,annual; yearly
연결,connection; linking
연관,connection; relation; association
연구실,laboratory; research room
연구원,researcher
연극,play (theater); drama
연기,postponement; delay
연기되다,to be postponed
연기자,actor; performer
연기하다,to postpone; to delay
연두색,light green; yellowish green
연락,contact; getting in touch
연령,age
연상하다,to associate; to be reminded of
연설,speech; address
연속,succession; continuation; in a row
연애,dating; romance
연예인,celebrity; entertainer
연인,lover; sweetheart
연장,extension; prolongation
연주,musical performance; playing (instrument)
연출,directing (film or play); production
연출하다,to direct (film or play)
연합,union; alliance; federation
열기,heat; fervor; enthusiasm
열매,fruit (of a plant)
열정,passion; enthusiasm
열중하다,to be absorbed in; to be engrossed
엷다,to be light (color); to be thin
염려,worry; concern
엿보다,to peek; to spy on
영,at all (with negative); utterly
영남,Yeongnam region (SE Korea)
영상,video; footage; image
영양,nutrition; nourishment
영업,business; sales; operation
영역,domain; area; territory
영웅,hero
영향,influence; effect
영향력,influence; clout
영혼,soul; spirit
영화관,movie theater; cinema
영화배우,movie actor; film star
영화제,film festival
옆구리,side (of body); flank
예,old times; ancient days
예감,premonition; hunch
예고하다,to foretell; to give notice
예방,prevention
예방하다,to prevent
예보,forecast
예비,reserve; spare
예산,budget
예상되다,to be expected
예상하다,to expect; to anticipate
예선,preliminary round; qualifier
예술적,artistic
예습,preparation (of lessons); preview study
예습하다,to prepare lessons in advance
예식장,wedding hall
예약하다,to reserve; to book
예외,exception
예의,manners; etiquette
예정되다,to be scheduled
예측하다,to predict; to forecast
예컨대,for example; for instance
오락,entertainment; amusement
오로지,solely; only
오르내리다,to go up and down
오염,pollution; contamination
오염되다,to be polluted
오페라,opera
오해,misunderstanding
오히려,rather; on the contrary
옥상,rooftop
온갖,all kinds of; every sort of
온돌,ondol; Korean floor heating
온라인,online
온종일,all day long
올,this (year); this year's
올가을,this autumn; this fall
올라서다,to step up onto
올라타다,to get on; to board
올려다보다,to look up at
올리다,to raise; to put up
올바르다,to be right; to be proper
올여름,this summer
옷차림,attire; way of dressing
와이셔츠,dress shirt
완성,completion
완성되다,to be completed
완성하다,to complete; to finish
완전,perfection; completeness
완전하다,to be perfect; to be complete
왕비,queen (consort)
왕자,prince
외갓집,mother's family home
외과,surgery (department)
외다,to memorize; to recite
외로움,loneliness
외면하다,to turn away from; to ignore
외모,appearance; looks
외부,outside; exterior
외아들,only son
외제,foreign-made (goods)
외치다,to shout; to cry out
외침,shout; cry
외할아버지,maternal grandfather
요,this (little); this here
요구,demand; request
요구되다,to be required; to be demanded
요리사,cook; chef
요약하다,to summarize
요청하다,to request
욕,swear words; abuse
욕하다,to swear at; to curse
용,dragon
용감하다,to be brave
용기,courage; container
용도,use; purpose
용서,forgiveness
용서하다,to forgive
용어,term; terminology
우려,concern; worry
우습다,to be funny; to be laughable
우아하다,to be elegant; to be graceful
우정,friendship
우주,universe; space
우편,mail; post
운명,fate; destiny
운반,transport; carrying
운영하다,to operate; to run
운전사,driver
운행,operation (of transport); service
울리다,to make cry; to ring
울음소리,sound of crying
움직임,movement; motion
웃음소리,sound of laughter
워낙,so very; by nature
원,circle; oh my (interjection)
원고,manuscript; draft
원서,application form
원인,cause
원장,director (of an institute)
월세,monthly rent
웬,what kind of; what sort of
웬만하다,to be reasonable; to be tolerable
위,place; rank (counter); stomach
위기,crisis
위대하다,to be great
위로,consolation; comfort
위로하다,to console; to comfort
위반하다,to violate
위법,violation of law; illegality
위성,satellite
위원,committee member
위원장,committee chairman
위주,priority; primary focus
위험성,riskiness; danger
위협,threat
윗몸,upper body
윗사람,superior; senior
유능하다,to be competent; to be capable
유리하다,to be advantageous
유머,humor
유물,relic; artifact
유발하다,to cause; to induce
유사하다,to be similar
유산,inheritance; heritage
유의하다,to pay attention to; to bear in mind
유적,ruins; historic remains
유적지,historic site
유지되다,to be maintained; to be kept
유지하다,to maintain; to keep
유형,type; category
육군,army (land forces)
육상,track and field; on land
육체,physical body; the flesh
육체적,physical (bodily)
으레,as a rule; habitually; naturally
은,silver
은은하다,faint; subtle; soft (light or scent)
은행나무,ginkgo tree
음력,lunar calendar
음반,album; record (music)
음성,voice
음식물,food; foodstuffs
음식점,restaurant
음주,drinking (alcohol)
응답하다,to respond; to answer
의논,discussion; consultation
의논하다,to discuss; to consult
의도,intention
의도적,intentional; deliberate
의류,clothing; apparel
의무,duty; obligation
의문,question; doubt
의복,clothes; attire
의사,intention; one's wishes
의식,consciousness; ceremony; ritual
의식하다,to be conscious of; to be aware of
의심,doubt; suspicion
의외로,unexpectedly; surprisingly
의욕,motivation; drive; will
의원,lawmaker; assembly member
의존하다,to depend on; to rely on
의지,will; determination
의지하다,to lean on; to rely on
의학,medicine (medical science)
이,person; one (who does)
이같이,like this; in this way
이끌다,to lead; to guide
이내,soon; right away; within
이념,ideology; principle
이놈,this fellow; this rascal
이다음,next time; later
이달,this month
이대로,as it is; like this
이데올로기,ideology
이동하다,to move; to relocate
이따금,occasionally; from time to time
이래,since (then)
이래서,for this reason; so
이러다,to act like this; to say this
이런저런,various; this and that
이력서,resume; CV
이론적,theoretical
이롭다,beneficial; good for
이룩하다,to achieve; to accomplish
이르다,to tell; to say
이리저리,here and there; this way and that
이민,emigration; immigration
이별,parting; farewell; separation
이사장,chairman of the board
이상적,ideal
이성,the opposite sex
이슬,dew
이어,subsequently; following that
이어서,subsequently; next; continuing
이어지다,to be connected; to continue
이용자,user
이윽고,before long; after a while
이자,interest (money)
이제야,only now; finally
이중,double; dual
이해,interests (gains and losses)
이해관계,interests at stake; stake
이해되다,to be understood
익다,familiar; practiced
익히다,to cook thoroughly; to learn; to master
인,person (counter)
인간관계,human relations; interpersonal relationships
인간성,human nature; character
인간적,humane; human
인격,character; personality; personhood
인공,artificial; man-made
인근,vicinity; nearby area
인도,sidewalk
인류,humankind; humanity
인물,figure; character; looks
인사,personnel affairs; greetings
인상,increase; raise (prices)
인상적,impressive; memorable
인쇄,printing
인식하다,to recognize; to perceive
인연,connection; tie; fate (bond)
인재,talented person; talent
인정되다,to be recognized; to be acknowledged
인정받다,to be recognized; to gain recognition
인정하다,to admit; to acknowledge; to recognize
인제,now; by now
인종,race (of people)
인체,human body
인하,reduction; lowering (prices)
인하다,to be due to; to result from
일단,first of all; for now; once
일대,a great; a major
일반인,ordinary person; the general public
일부러,on purpose; deliberately
일상적,everyday; routine
일생,one's whole life; lifetime
일손,working hands; labor; help
일시적,temporary
일식,Japanese food (cuisine)
일쑤,habitual occurrence; apt to happen
일어서다,to stand up; to rise
일일이,one by one; individually
일자,date (day)
일자리,job; employment
일정하다,constant; fixed; regular
일종,a kind of; a sort of
일찍이,early on; previously
일체,all; everything; entirely
일치,agreement; accord
일치하다,to agree; to match; to coincide
일행,party; group (traveling together)
임금,king; monarch
임무,duty; task; mission
임신부,pregnant woman
임신하다,to be pregnant; to conceive
입국,entry into a country
입대,enlistment; joining the army
입력,input; data entry
입력하다,to input; to enter (data)
입맛,appetite; taste
입사,joining a company
입사하다,to join a company
입시,entrance exam
입장,position; stance
입히다,to dress (someone); to clothe
잇다,to connect; to join; to continue
잇따르다,to follow one after another; to occur in succession
잊혀지다,to be forgotten
자,ruler (measuring); character (letter); person (one who)
자격증,certificate; license
자극,stimulus; irritation
자극하다,to stimulate; to provoke
자네,you (to a junior or friend)
자녀,children; sons and daughters
자랑,boast; pride
자리,mat; bedding; seat
자매,sisters
자부심,pride; self-confidence
자살,suicide
자살하다,to commit suicide
자세,posture; attitude
자세하다,detailed
자신감,self-confidence; confidence
자연적,natural
자연현상,natural phenomenon
자연환경,natural environment
자연히,naturally; of itself
자원,resources
자율,autonomy; self-regulation
자정,midnight
자존심,self-esteem; pride
자취,trace; mark; vestige
자판,keyboard
작성,drawing up (a document); writing up
작성하다,to write up; to draw up; to fill out
작업,work; task; operation
작용,action; effect; function
작용하다,to act on; to have an effect
작은딸,younger daughter; youngest daughter
작은아들,younger son; youngest son
작은아버지,uncle (father's younger brother)
작은어머니,aunt (wife of father's younger brother)
작품,work (of art); piece
잔디,grass; lawn
잔디밭,lawn; grassy field
잘나다,good-looking; outstanding (often ironic)
잘리다,to be cut; to get fired
잠그다,to lock; to fasten
잠기다,to be submerged; to be flooded
잠바,jumper; jacket
잠수함,submarine
잠자리,sleeping place; bed; dragonfly
잡수다,to eat (honorific)
잡아당기다,to pull; to tug
잡아먹다,to catch and eat; to prey on
장관,minister (of government)
장기간,long period; long term
장기적,long-term
장난,prank; mischief; play
장례,funeral
장례식,funeral (ceremony)
장르,genre
장면,scene
장모,wife's mother; mother-in-law
장모님,wife's mother (honorific)
장비,equipment; gear
장사꾼,merchant; trader; peddler
장수,seller; vendor; dealer
장식,decoration; ornament
장애인,person with a disability; the disabled
장인,wife's father; father-in-law
장차,in the future; someday
잦다,frequent
재능,talent; ability
재다,to measure; to weigh
재밌다,fun; interesting
재빨리,quickly; swiftly
재생,rebirth; regeneration; playback
재수,luck; fortune
재우다,to marinate; to put to sleep
재정,finance; finances
재주,talent; skill
재즈,jazz
재판,trial; judgment
재학,being enrolled in school
재활용,recycling
재활용품,recyclables; recycled goods
저고리,jeogori (traditional Korean jacket)
저기,um; excuse me (hesitation)
저러다,to act like that; to keep doing that
저마다,each; every one (in their own way)
저울,scale (for weighing)
저절로,by itself; automatically
저지르다,to commit (a mistake or crime)
저편,over there; the other side
적성,aptitude
적용,application (of a rule)
적용되다,to be applied
적응,adaptation; adjustment
적응하다,to adapt; to adjust
적절하다,appropriate; suitable
적합하다,suitable; fit
적히다,to be written down
전,all; whole; entire
전개,development; unfolding
전개되다,to unfold; to develop
전개하다,to develop; to unfold
전공하다,to major in
전구,light bulb
전국적,nationwide
전기,early period; biography
전달,delivery; conveyance
전달되다,to be delivered; to be conveyed
전망,view; prospect; outlook
전망하다,to forecast; to expect
전문적,professional; specialized
전문점,specialty store
전문직,professional occupation
전반,the whole; overall
전반적,overall; general
전선,battlefront; front line
전설,legend
전세,jeonse (lump-sum housing lease)
전시,exhibition; display
전시되다,to be exhibited; to be displayed
전시장,exhibition hall
전시하다,to exhibit; to display
전시회,exhibition
전용,exclusive use
전주,Jeonju (city)
전통문화,traditional culture
전환,conversion; switch; transition
전환하다,to convert; to switch
전후,before and after
절,verse; clause; section
절대,absolute; absolutely
절대적,absolute
절망,despair
절약,saving; economizing
절차,procedure; process
젊음,youth; youthfulness
점검,inspection; check
점잖다,dignified; well-mannered
접근,approach; access
접근하다,to approach; to access
접다,to fold
접촉,contact; touch
접하다,to encounter (news); to come into contact
정기,fixed period; regular (scheduled)
정기적,regular; periodic
정당,political party
정리되다,to be organized; to be tidied
정면,front; facade
정반대,exact opposite
정보화,informatization
정부,government
정비,maintenance; overhaul
정상,normal; normality
정상적,normal
정성,sincerity; devotion; wholehearted care
정신과,psychiatry (medical department)
정신없이,frantically; distractedly
정오,noon; midday
정장,suit; formal dress
정지,stop; suspension
정직하다,honest; upright
정치권,political circles
정치인,politician
정치학,political science
젖,breast milk; breast
제거하다,to remove; to eliminate
제공,provision; offer
제과점,bakery; confectionery shop
제대하다,to be discharged (military)
제도적,institutional; systemic
제비,swallow (bird)
제사,ancestral rite; memorial service
제삿날,ancestral rite day
제시,presentation (of ideas); suggestion
제시되다,to be presented; to be suggested
제시하다,to present; to suggest
제안,proposal; suggestion
제안하다,to propose; to suggest
제약,restriction; constraint
제외되다,to be excluded
제외하다,to exclude; to leave out
제의,proposal; offer
제의하다,to propose; to offer
제자,disciple; pupil
제자리,original place; proper place
제작,production; manufacture
제작하다,to produce; to manufacture
제출,submission
제한되다,to be limited; to be restricted
제한하다,to limit; to restrict
조,article (clause); group (team)
조각,piece; fragment
조개,clam; shellfish
조그마하다,small; tiny
조기,early stage; early phase
조깅,jogging
조르다,to pester; to badger
조명,lighting; illumination
조미료,seasoning; condiment
조선,Joseon (dynasty)
조절,adjustment; regulation
조절하다,to adjust; to regulate
조정,adjustment; coordination
조정하다,to adjust; to coordinate
조직,organization; tissue
조화되다,to be in harmony; to harmonize
존경하다,to respect; to esteem
존재,existence; being
존재하다,to exist
존중하다,to respect; to honor
졸리다,to be sleepy; to feel drowsy
졸음,drowsiness; sleepiness
좁히다,to narrow; to reduce (a gap)
종,bell
종교적,religious
종소리,sound of a bell
종종,often; from time to time
종합하다,to synthesize; to put together
좋아,okay; alright (agreement)
좌우,left and right
죄,sin; crime
죄인,sinner; criminal
주,main; principal
주거,residence; dwelling
주고받다,to exchange (words)
주관적,subjective
주년,anniversary (counter)
주름,wrinkle
주름살,wrinkles (on skin)
주문,order (for goods); magic spell; incantation
주민,resident; inhabitant
주방,kitchen
주식,stocks; shares
주어지다,to be given
주요하다,to be main; to be major
주의,attention; caution
주의하다,to be careful; to pay attention
주일,week
주장,assertion; claim; argument
주저앉다,to plop down; to collapse down
주전자,kettle
주한,stationed in Korea
죽,straight (in a line); all along; in a row
줄거리,plot; storyline
줄곧,continuously; all the time
줄어들다,to decrease; to diminish
중계방송,live broadcast; relay broadcast
중년,middle age
중단,suspension; interruption
중단되다,to be suspended; to be halted
중단하다,to stop; to suspend
중대하다,to be grave; to be momentous
중독,addiction; poisoning
중반,middle phase; midpoint
중부,central region; central part
중세,Middle Ages; medieval times
중소기업,small and medium enterprises; SMEs
중순,mid-month; middle ten days
중식,Chinese food
중심지,center; hub
중앙,center; middle
중얼거리다,to mutter; to mumble
중요시하다,to regard as important; to value
즉석,on the spot; instant
증가,increase
증가하다,to increase
증거,evidence; proof
증권,securities; stocks
증권사,securities firm; brokerage
증명하다,to prove
지각,perception; awareness
지겹다,to be tedious; to be sick of
지경,verge; state (of affairs)
지극히,extremely; exceedingly
지금껏,until now; so far
지급,payment; provision
지급하다,to pay; to provide
지나치다,to be excessive; to pass by
지난날,past days; bygone days
지능,intelligence
지니다,to carry; to possess
지다,to be cast (shadow); to set (sun); to fall (petals)
지대,zone; area
지도,guidance; instruction
지도자,leader
지도하다,to guide; to instruct
지루하다,to be boring; to be tedious
지름길,shortcut
지리산,Jirisan (mountain)
지방,fat (nutrient)
지배하다,to rule; to dominate
지불하다,to pay
지속되다,to continue; to be sustained
지속적,continuous; sustained
지시,instruction; directive
지시하다,to instruct; to direct
지식,knowledge
지식인,intellectual
지우다,to burden (someone); to load onto
지워지다,to be erased
지원,support; aid
지원하다,to support; to aid
지위,status; position
지저분하다,to be messy; to be dirty
지적,pointing out; criticism; intellectual
지적되다,to be pointed out
지적하다,to point out
지점,branch (office)
지지,support; backing
지진,earthquake
지출,expenditure; spending
지켜보다,to watch; to keep an eye on
지폐,paper money; banknote
지혜,wisdom
직선,straight line
직장인,office worker; employee
직전,just before
직접적,direct
직후,right after; immediately after
진급,promotion (in rank)
진단,diagnosis
진단하다,to diagnose
진동,vibration
진로,career path; course
진료,medical treatment; medical care
진리,truth (universal)
진실,truth
진실로,truly; genuinely
진실하다,to be truthful; to be sincere
진심,sincerity; true heart
진지하다,to be serious; to be earnest
진찰,medical examination; checkup
진출하다,to advance into; to enter (a field)
진통,labor pains; birth pangs
진행,progress; proceeding
진행자,host (of a show); MC
질병,disease; illness
질적,qualitative
짐작,guess; conjecture
짐작하다,to guess; to presume
집단,group; collective
집단적,collective; group (attributive)
집안일,housework; household chores
집어넣다,to put into; to stick in
집중되다,to be concentrated; to be focused
집중적,intensive; concentrated
집중하다,to concentrate; to focus
짚다,to lean on (a cane); to feel (pulse); to point out
짜다,to knit; to weave; to squeeze (out)
짜증스럽다,to be irritating; to be annoying
짝,pair; partner; mate
쩔쩔매다,to be at a loss; to flounder
쪽,piece; slice; part
쫓겨나다,to be kicked out; to be expelled
쫓기다,to be chased; to be pressed
쫓다,to chase; to drive away
쭉,straight; all the way; continuously
찌꺼기,dregs; residue; leftovers
찌다,to steam (food); to gain (weight)
찍히다,to be stamped; to be photographed
찢다,to tear; to rip
찢어지다,to be torn; to rip (apart)
차,time; occasion (次); tea
차다,to be full; to wear (a watch); to kick
차라리,rather; sooner (than)
차량,vehicle; vehicles
차림,attire; outfit; dress
차마,(cannot) bear to; (not) for the life of me
차별,discrimination
차선,traffic lane
차이점,difference; point of difference
차차,gradually; little by little
차창,car window; train window
차츰,gradually; step by step
착각,illusion; delusion; mistaken idea
착각하다,to mistake; to be under an illusion
찬성,approval; agreement; being in favor
찬성하다,to approve; to agree; to be in favor
참,the moment of; on the point of
참가,participation; entry
참고하다,to refer to; to consult
참되다,to be true; to be genuine
참새,sparrow
참석,attendance; presence
참석자,attendee; participant
참여,participation; involvement
참여하다,to participate; to take part
참외,Korean melon
참으로,truly; indeed; really
참조,reference; cross-reference
창,window
창가,windowside; by the window
창구,(service) window; counter
창작,creation; creative work
창조,creation
창조적,creative
창조하다,to create
창피하다,to be embarrassing; to be ashamed
찾아다니다,to go around looking for; to search around
채,counter for houses; just as it is; not yet (fully)
채점,grading; scoring; marking
책임감,sense of responsibility
책임지다,to take responsibility
처녀,unmarried woman; maiden; virgin
처리,handling; processing; disposal
처벌,punishment; penalty
처지,situation; circumstances; plight
척,pretense; counter for ships
척하다,to pretend to; to act as if
천,cloth; fabric
천국,heaven; paradise
천둥,thunder
천장,ceiling
천재,genius
철,sense; maturity; iron (鐵)
철도,railroad; railway
철저하다,to be thorough
철저히,thoroughly
철학,philosophy
철학자,philosopher
철학적,philosophical
청춘,youth; springtime of life
청하다,to request; to ask (a favor)
체계적,systematic
체력,physical strength; stamina
체온,body temperature
체육관,gymnasium; gym
체조,gymnastics
체하다,to pretend to; to feign
체험,(firsthand) experience
체험하다,to experience (firsthand)
초기,early stage; initial period
초대,first generation; founding (president)
초등학생,elementary school student
초반,early phase; beginning stage
초상화,portrait
초순,first ten days (of a month)
초여름,early summer
초원,grassland; meadow; prairie
초저녁,early evening
초점,focus; focal point
초조하다,to be anxious; to be nervous
초청,invitation
초청하다,to invite
촌스럽다,to be unfashionable; to be countrified
촛불,candlelight; candle flame
총,gun; total (attributive)
총각,bachelor; unmarried man
총리,prime minister
최고급,highest grade; top class
최대한,maximum; to the utmost
최상,the best; the highest
최소,minimum; smallest
최신,the latest; newest
최악,the worst
최저,the lowest; minimum
최종,final; last
최후,the last; the end; final moment
추가,addition; supplement
추가되다,to be added
추가하다,to add
추석,Chuseok; Korean harvest festival
추진,pushing forward; promotion (of project)
추진하다,to push forward; to propel
추천,recommendation
추천하다,to recommend
추측,guess; conjecture
축구장,soccer field
축소,reduction; downsizing
출국,departure from a country
출발점,starting point
출산,childbirth
출석하다,to attend; to be present
출신,origin; background (hometown/school)
출연,appearance (on TV/stage)
출입국,immigration; entry and exit (of country)
출퇴근,commuting (to work)
출판,publishing; publication
출판사,publishing house; publisher
출현하다,to appear; to emerge
충격적,shocking
충고,advice; admonition
충돌,collision; clash
충돌하다,to collide; to clash
취업,employment; getting a job
취재,news coverage; reporting
취향,taste; preference
치다,to strike (storm); to put up (net); to reckon
치료법,treatment method; cure
치르다,to pay; to undergo (event)
치아,tooth (formal); teeth
치우다,to finish off (auxiliary); to do away with
친정,married woman's parents' home
친해지다,to become close (friends)
칠하다,to paint; to coat
침,saliva; spit
침묵,silence
침착하다,to be calm; to be composed
칭찬하다,to praise; to compliment
칸,compartment; section; cell (space)
칼국수,knife-cut noodle soup; kalguksu
캄캄하다,to be pitch-dark
캐릭터,character
캠페인,campaign
컨디션,condition (physical); shape
컬러,color
케첩,ketchup
코끝,tip of the nose
코드,code
코미디,comedy
코스,course; route
코스모스,cosmos (flower)
코치,coach
코트,court (sports)
쾌감,pleasure; pleasant feeling
쿠데타,coup; coup d'etat
크림,cream
큰딸,eldest daughter
큰아들,eldest son
큰아버지,uncle (father's older brother)
큰어머니,aunt (father's older brother's wife)
큰절,deep formal bow
클래식,classical music; classic
클럽,club
키스,kiss
타고나다,to be born with (talent)
타다,to burn; to mix in (liquid); to receive (pay)
타락,corruption; depravity
타오르다,to blaze up; to flare up
타입,type
타자기,typewriter
탁,with a bang; with a snap
탁구,table tennis; ping-pong
탁월하다,to be outstanding; to be excellent
탁자,table
탄생,birth
탄생하다,to be born; to come into being
탈출하다,to escape
탓,fault; blame
태아,fetus; unborn baby
택하다,to choose; to select
터,site; lot; ground
터지다,to burst; to explode
턱,reason; cause (bound noun)
텅,completely (empty); utterly (empty)
테러,terrorism; terror attack
텍스트,text
토대,foundation; basis
토론자,debater; panelist
토론하다,to debate; to discuss
토론회,debate; discussion forum
토하다,to vomit; to throw up
통계,statistics
통과,passing (through); passage
통과하다,to pass (through/exam)
통로,passage; aisle; corridor
통역,interpretation (spoken); interpreting
통일하다,to unify
통제,control; regulation
통증,pain; ache
통합,integration; unification
통화,phone call; currency
퇴원,discharge from hospital
퇴원하다,to be discharged (hospital)
퇴직금,retirement pay; severance pay
투명하다,to be transparent
투자,investment
투표,vote; voting
튀기다,to splash; to deep-fry
튀김,deep-fried food; fritter
튀다,to bounce; to splash; to stand out
튀어나오다,to stick out; to pop out
트럭,truck
트이다,to open up; to be cleared
특급,top grade; special class
특성,characteristic; distinct quality
특수,special; particular
특수성,distinctiveness; special quality
특이하다,to be unusual; to be peculiar
특정하다,to be specific; particular
튼튼히,sturdily; solidly; firmly
틀,frame; mold; framework
틀림없이,without fail; certainly; surely
틈,gap; crack; spare moment
파괴하다,to destroy; to demolish
파다,to dig
파악하다,to grasp; to understand; to figure out
파출소,police substation; police box
판,scene (situation); round (of a game); board; edition (of a book)
판결,court ruling; verdict; judgment
판단하다,to judge; to decide
판매되다,to be sold
판사,judge (profession)
팝송,pop song
팩스,fax
팩시밀리,facsimile; fax machine
퍼지다,to spread; to spread out
퍽,very; quite; considerably
페인트,paint
펴내다,to publish; to put out (a book)
편,side; team; means of transport
편견,prejudice; bias
편의,convenience
편의점,convenience store
평,pyeong (unit of area); review; comment
평가,evaluation; assessment
평가되다,to be evaluated; to be assessed
평가하다,to evaluate; to assess
평균,average; mean
평상시,ordinary times; usually
평양,Pyongyang
평화롭다,to be peaceful
폐지,abolition; abolishment
포근하다,to be cozy; snug; mild (weather)
포인트,point; points
포장마차,street food stall; covered food cart
포크,fork
포함,inclusion; including
폭넓다,to be wide-ranging; broad
폭력,violence
표,table; chart
표면,surface
표시,indication; mark; sign
표시하다,to mark; to indicate
표준,standard
표현되다,to be expressed
푸다,to scoop; to ladle
풀어지다,to come loose; to be untied
품,fit (of clothing); breast; embrace
품다,to embrace; to harbor (feelings)
품목,item; commodity
품질,quality (of goods)
풍부하다,to be abundant; rich; plentiful
풍속,customs; folkways
풍습,customs; traditions
프린터,printer
피곤,fatigue; tiredness
피디,PD; producer
피망,bell pepper
피하다,to avoid; to evade
피해,damage; harm
피해자,victim
필수,necessity; requirement; essential
필수적,essential; indispensable
필연적,inevitable; necessary
필요성,necessity; need
필자,writer; author (of this text)
핑계,excuse; pretext
하,lower; bottom (rank)
하긴,indeed; come to think of it
하나님,God (Protestant)
하나하나,one by one; each and every
하느님,God; Heaven
하도,so much; so very (that)
하드웨어,hardware
하룻밤,one night; overnight
하반기,second half of the year
하순,last third of the month
하천,river; stream
하필,of all things; why on earth
학과,academic department; major
학교생활,school life
학급,class (group of students)
학력,educational background; academic credentials
학번,student ID number; class year
학부모,parents of students
학비,tuition; school expenses
학술,academics; scholarly research
학용품,school supplies
학위,academic degree
학자,scholar
학점,course credit; grade (college)
한,deep sorrow; resentment; limit
한가운데,the very middle; center
한가하다,to be free; leisurely; not busy
한겨울,midwinter
한결,much more; noticeably
한계,limit; limitation
한구석,one corner
한글날,Hangul Day
한낮,midday; high noon
한눈,a glance; at first sight
한데,but; however
한때,at one time; once; for a while
한마디,a word; a single remark
한문,classical Chinese writing
한반도,Korean Peninsula
한밤중,middle of the night; midnight
한순간,an instant; a moment
한식,Korean food; Korean cuisine
한여름,midsummer
한정되다,to be limited; to be restricted
한정하다,to limit; to restrict
한창,at its peak; in full swing
한층,even more; all the more
한평생,one's whole life; a lifetime
한하다,to be limited to; to apply only to
함께하다,to be together; to share (with)
합격하다,to pass (an exam); to be accepted
합리적,rational; reasonable
합하다,to combine; to join; to unite
항공,aviation; air travel
항공기,aircraft; airplane
항구,port; harbor
항의,protest; complaint
해,harm; damage
해결되다,to be solved; to be resolved
해군,navy
해내다,to accomplish; to pull off
해답,answer; solution
해당,relevant; corresponding; applicable
해당되다,to be applicable; to fall under
해당하다,to correspond to; to be applicable
해롭다,to be harmful
해물,seafood
해석,interpretation; analysis
해석하다,to interpret; to analyze
해설,commentary; explanation
해소,relief; resolution; elimination
해소하다,to relieve; to resolve
해수욕장,swimming beach; beach resort
해안,coast; seashore
핵,nucleus; nuclear; core
핵심,core; key point; essence
핸드백,handbag
햄,ham
행사,exercise (of rights); use (of power)
행운,good luck; fortune
행위,act; deed; conduct
행하다,to perform; to carry out
행해지다,to be carried out; to be performed
향,incense; fragrance; scent
향상,improvement; advancement
향상되다,to improve; to be enhanced
허가,permission; approval; license
허락,permission; consent
허락하다,to permit; to allow; to consent
허용,allowance; permission; tolerance
허용되다,to be allowed; to be permitted
허허,haha (hearty laugh); ho ho
헤매다,to wander; to roam; to be lost
헤아리다,to count; to estimate; to fathom
헬기,helicopter
현,current; present; incumbent
현관문,front door; entrance door
현대인,modern person; modern people
현대적,modern; contemporary
현상,phenomenon
현실,reality; actuality
현실적,realistic; practical
현장,site; scene; field
혈액,blood
협력,cooperation; collaboration
형,type; model; pattern
형사,detective (police)
형성,formation
형성되다,to be formed; to take shape
형성하다,to form; to shape
형수,older brother's wife; sister-in-law
형식,form; format; formality
형식적,formal; perfunctory
형태,form; shape
형편,circumstances; (financial) situation
혜택,benefit; perk
호기심,curiosity
호남,Honam (SW Korea region)
호박,pumpkin; squash
호실,room number; room (suffix)
호주머니,pocket
호흡,breathing; breath; respiration
혹시,perhaps; by any chance
혼나다,to get scolded; to have a hard time
혼잣말,talking to oneself; monologue
홀로,alone; by oneself
홍보,publicity; promotion; PR
홍수,flood
화면,screen; picture; image
화살,arrow
화장,makeup
화장지,toilet paper; tissue
화재,fire (disaster)
화제,topic (of conversation)
화학,chemistry
확,suddenly; all at once; sharply
확립하다,to establish (firmly)
확보,securing; obtaining; guarantee
확산되다,to spread; to be diffused
확신,conviction; certainty; confidence
확신하다,to be convinced; to be sure of
확인되다,to be confirmed; to be verified
확장,expansion; extension
확정,confirmation; finalization
환경오염,environmental pollution
환영하다,to welcome
환율,exchange rate
환하다,to be bright; to be light
활기,vigor; liveliness; energy
활발해지다,to become active; to become lively
활발히,actively; briskly
활용,utilization; practical use
활짝,wide open; in full bloom
회,times (counter); round
회견,interview (press); conference
회관,hall; assembly hall
회복,recovery; restoration
회복되다,to recover; to be restored
회의,skepticism; doubt
회전,rotation; turning
횟수,number of times; frequency
효과적,effective
효도,filial piety
효도하다,to show filial piety
효율적,efficient
효자,devoted son; filial son
후기,latter period; second half
후반,second half; latter half
후보,candidate
후회,regret
훈련,training; drill
훔치다,to steal
휴식,rest; break
흉내,imitation; mimicry
흐려지다,to become cloudy; to blur
흐름,flow; current; stream
흐리다,to muddy; to make cloudy
흑백,black and white
흑인,Black person
흔들리다,to shake; to sway
흔적,trace; mark; vestige
흔하다,to be common
흘러내리다,to flow down; to run down
흥미롭다,to be interesting
흥분,excitement; agitation
흥분하다,to get excited
흩어지다,to scatter; to disperse
희곡,play (drama); drama script
희망하다,to hope; to wish
희생,sacrifice
희생하다,to sacrifice
힘겹다,to be arduous; to be a struggle
힘껏,with all one's strength
힘들어하다,to struggle; to have a hard time
힘쓰다,to strive; to make an effort
힘없이,feebly; listlessly
힘차다,to be vigorous; to be energetic
