Chinese (Simpl.),Pinyin,English
爱情,àiqíng,romance; love (romantic)
安排,ānpái,to arrange; to plan; to set up; arrangements
安全,ānquán,safe; secure; safety; security
按时,ànshí,on time; before deadline; on schedule
按照,ànzhào,according to; in accordance with; in the light of; on the basis of
暗,àn,dark; to turn dark; secret; hidden
包括,bāokuò,to comprise; to include; to involve; to incorporate
保护,bǎohù,to protect; to defend; to safeguard; protection
保证,bǎozhèng,guarantee; to guarantee; to ensure; to safeguard
报道,bàodào,to report (news); report
报名,bàomíng,to sign up; to enter one's name; to apply; to register
抱,bào,to hold; to carry (in one's arms); to hug; to embrace
抱歉,bàoqiàn,to be sorry; to feel apologetic; sorry!
倍,bèi,(two three etc) -fold; times (multiplier); double; to increase or multiply
本来,běnlái,original; originally; at first; it goes without saying
笨,bèn,stupid; foolish; silly; slow-witted
笔记本,bǐjìběn,notebook (stationery); notebook (computing)
毕业,bìyè,graduation; to graduate; to finish school
遍,biàn,everywhere; all over; classifier for actions: one time
标准,biāozhǔn,standard; norm; criterion; (adjective) standard
表达,biǎodá,to express; to convey
表格,biǎogé,form; table
表扬,biǎoyáng,to praise; to commend
饼干,bǐnggān,biscuit; cracker; cookie
并且,bìngqiě,and; besides; moreover; furthermore
博士,bóshì,doctor; court academician (in feudal China); Ph.D.
不但,bùdàn,not only (... but also ...)
不得不,bùdébù,have no choice or option but to; cannot but; have to; can't help it
不管,bùguǎn,not to be concerned; regardless of; no matter
不过,bùguò,only; merely; no more than; but
不仅,bùjǐn,not just; not limited to; (as a correlative conjunction) not only (... but also ...)
部分,bùfen,part; share; section; piece
擦,cā,to rub; to scratch; to towel; to wipe with a towel
猜,cāi,to guess
材料,cáiliào,(raw) material; data; (fig.) person who has the potential to do the job
参观,cānguān,to look around; to tour; to visit
差不多,chàbuduō,almost; nearly; more or less; about the same
尝,cháng,to taste; to try (food); to experience; (literary) ever
场,chǎng,a place; field; classifier for a game or show
超过,chāoguò,to surpass; to exceed; to outstrip
吵,chǎo,to quarrel; to make a noise; noisy; to disturb by making a noise
成功,chénggōng,success; to succeed
成熟,chéngshú,mature; ripe; to mature; to ripen
成为,chéngwéi,to become; to turn into
诚实,chéngshí,honest
乘坐,chéngzuò,to ride (in a vehicle)
吃惊,chījīng,to be startled; to be shocked; to be amazed
抽烟,chōuyān,to smoke (a cigarette tobacco)
出差,chūchāi,to go on an official or business trip
出发,chūfā,to set off; to start (on a journey)
出生,chūshēng,to be born
传真,chuánzhēn,fax; facsimile
窗户,chuānghu,window
词典,cídiǎn,dictionary
从来,cónglái,always; at all times; never (if used in negative sentence)
粗心,cūxīn,careless; thoughtless
答案,dáàn,answer; solution
打扮,dǎban,to decorate; to dress; to make up; to adorn
打扰,dǎrǎo,to disturb; to bother; to trouble
打印,dǎyìn,to affix a seal; to stamp; to print out (with a printer)
打折,dǎzhé,to give a discount
打针,dǎzhēn,to give or have an injection
大夫,dàifu,doctor; physician
大概,dàgài,roughly; probably; rough; approximate
大使馆,dàshǐguǎn,embassy
大约,dàyuē,approximately; probably
代表,dàibiǎo,representative; delegate; to represent; to stand for
代替,dàitì,to replace; to take the place of
戴,dài,to put on or wear (glasses hat gloves etc); to respect; to bear; to support
弹,dàn,bullet; shell; pellet (tán = to play/pluck)
当,dāng,to serve as; to act as; when; at
当地,dāngdì,local
当时,dāngshí,then; at that time; while; at once
刀,dāo,knife; blade; single-edged sword; cutlass
导游,dǎoyóu,tour guide; guidebook; to conduct a tour
到处,dàochù,everywhere
到底,dàodǐ,finally; in the end; when all is said and done; after all
道歉,dàoqiàn,to apologize
地球,dìqiú,the earth
地址,dìzhǐ,address
得意,déyì,proud of oneself; pleased with oneself; complacent
等,děng,to wait; and so on; class; grade
底,dǐ,bottom; base; background; end (of year/month)
调查,diàochá,investigation; inquiry; to investigate; to survey
掉,diào,to fall; to drop; to lag behind; to lose
丢,diū,to lose; to put aside; to throw
动作,dòngzuò,movement; motion; action; to act
堵车,dǔchē,traffic jam; (of traffic) to get congested
肚子,dùzi,belly; abdomen; stomach
断,duàn,to break; to snap; to cut off; to give up or abstain from sth
对,duì,right; correct; towards; at
对话,duìhuà,to talk (with sb); dialogue; conversation
对面,duìmiàn,(sitting) opposite; across (the street); directly in front; to be face to face
顿,dùn,classifier for meals; to pause
朵,duǒ,classifier for flowers and clouds
儿童,értóng,child
而,ér,and; as well as; and so; but (not)
发,fā,to send out; to show (one's feeling); to issue; to develop
发生,fāshēng,to happen; to occur; to take place; to break out
发展,fāzhǎn,development; growth; to develop; to grow
法律,fǎlǜ,law
翻译,fānyì,to translate; to interpret; translator; interpreter
烦恼,fánnǎo,to be worried; to be distressed; worries
反对,fǎnduì,to oppose; to be against; to object to
反映,fǎnyìng,to mirror; to reflect; mirror image; reflection
范围,fànwéi,range; scope; limit; extent
方法,fāngfǎ,method; way; means
方面,fāngmiàn,respect; aspect; field; side
方向,fāngxiàng,direction; orientation
访问,fǎngwèn,to visit; to call on; to interview
放弃,fàngqì,to renounce; to abandon; to give up
放暑假,fàngshǔjià,to be on summer vacation
分之,fēnzhī,(indicating a fraction)
份,fèn,classifier for gifts; newspaper; magazine; papers; reports; contracts etc
丰富,fēngfù,to enrich; rich; plentiful; abundant
风景,fēngjǐng,scenery; landscape
否则,fǒuzé,otherwise; if not; or (else)
符合,fúhé,in keeping with; in accordance with; tallying with; in line with
父亲,fùqīn,father
负责,fùzé,to be in charge of; to take responsibility for; to be to blame; conscientious
复印,fùyìn,to photocopy; to duplicate a document
复杂,fùzá,complicated; complex
富,fù,rich; abundant; wealthy
改变,gǎibiàn,to change; to alter; to transform
感动,gǎndòng,to move (sb); to touch (sb emotionally); moving
感觉,gǎnjué,feeling; impression; sensation; to feel
感情,gǎnqíng,emotion; sentiment; affection; feelings between two persons
感谢,gǎnxiè,(express) thanks; gratitude; grateful; thankful
干,gān,dry; dried food; empty; hollow
干杯,gānbēi,to drink a toast; Cheers! (proposing a toast); Here's to you!; Bottoms up!
干燥,gānzào,to dry (of weather paint cement etc); desiccation; dull; uninteresting
刚刚,gānggang,just recently; just a moment ago
高级,gāojí,high level; high grade; advanced; high-ranking
个子,gèzi,height; stature; build; size
各,gè,each; every
工具,gōngjù,tool; instrument; utensil; means (to achieve a goal etc)
工资,gōngzī,wages; pay
公里,gōnglǐ,kilometer
共同,gòngtóng,common; joint; jointly; together
购物,gòuwù,shopping
够,gòu,enough (sufficient); enough (too much); (coll.) (before adj.) really; (coll.) to reach by stretching out
估计,gūjì,to estimate; to reckon; (coll.) to suppose
孤单,gūdān,lone; lonely; loneliness
鼓励,gǔlì,to encourage
鼓掌,gǔzhǎng,to applaud; to clap
故意,gùyì,deliberately; on purpose
顾客,gùkè,customer; client
挂,guà,to hang or suspend (from a hook etc); to hang up (the phone); (of a line) to be dead; to be worried or concerned
关键,guānjiàn,crucial point; crux; key; crucial
观众,guānzhòng,spectators; audience; visitors (to an exhibition etc)
管理,guǎnlǐ,to supervise; to manage; to administer; management
光,guāng,light; ray; bright; shiny
广播,guǎngbō,broadcast; broadcasting; to broadcast; (formal) to propagate
广告,guǎnggào,to advertise; a commercial; advertisement
逛,guàng,to stroll; to visit
规定,guīdìng,to stipulate; to specify; to prescribe; to fix (a price)
国际,guójì,international
果然,guǒrán,really; sure enough; as expected; if indeed
过,guò,to cross; to go over; to pass (time); to celebrate (a holiday)
过程,guòchéng,course of events; process
咳嗽,késou,to cough
海洋,hǎiyáng,ocean
害羞,hàixiū,shy; embarrassed; bashful
寒假,hánjià,winter vacation
汗,hàn,sweat; perspiration
航班,hángbān,(scheduled) flight; (scheduled) sailing
好处,hǎochù,benefit; advantage; merit
好像,hǎoxiàng,as if; to seem like
号码,hàomǎ,number
合格,hégé,to meet the standard required; qualified; eligible (voter etc)
合适,héshì,suitable; fitting; appropriate
盒子,hézi,box; case
猴子,hóuzi,monkey
后悔,hòuhuǐ,to regret; to feel remorse
后来,hòulái,afterwards; later; newly arrived
厚,hòu,thick; deep or profound; kind; generous
忽然,hūrán,suddenly; all of a sudden
互相,hùxiāng,each other; mutually; mutual
护士,hùshi,nurse
怀疑,huáiyí,to doubt (sth); to be skeptical of; to have one's doubts; to harbor suspicions
回忆,huíyì,to recall; memories
活动,huódòng,to exercise; to move about; to operate; to use connections (personal influence)
活泼,huópo,lively; vivacious; brisk; active
火,huǒ,fire; urgent; ammunition; fiery or flaming
获得,huòdé,to obtain; to receive; to get
积极,jījí,active; energetic; vigorous; positive (outlook)
积累,jīlěi,to accumulate; accumulation; cumulative; cumulatively
基础,jīchǔ,base; foundation; basis; basic
激动,jīdòng,to move emotionally; to stir up (emotions); to excite
及时,jíshí,timely; at the right time; promptly; without delay
即使,jíshǐ,even if; even though
极其,jíqí,extremely
集合,jíhé,to gather; to assemble; (math.) set
计划,jìhuà,plan; project; program; to plan
记者,jìzhě,reporter; journalist
技术,jìshù,technology; technique; skill
既然,jìrán,since; as; this being the case
继续,jìxù,to continue; to proceed with; to go on with
寄,jì,to send; to mail; to entrust; to depend on
加班,jiābān,to work overtime
加油站,jiāyóuzhàn,gas station
家具,jiājù,furniture
假,jiǎ,fake; false; artificial
价格,jiàgé,price
坚持,jiānchí,to persevere with; to persist in; to insist on
减肥,jiǎnféi,to lose weight
减少,jiǎnshǎo,to lessen; to decrease; to reduce; to lower
将来,jiānglái,in the future; future; the future
奖金,jiǎngjīn,premium; award money; bonus
降低,jiàngdī,to reduce; to lower; to bring down
交,jiāo,to hand over; to deliver; to pay (money); to turn over
交流,jiāoliú,to exchange; exchange; communication; interaction
交通,jiāotōng,to be connected; traffic; transportation; communications
骄傲,jiāoào,pride; arrogance; conceited; proud of sth
饺子,jiǎozi,dumpling; pot-sticker
教授,jiàoshòu,professor; to instruct; to lecture on
教育,jiàoyù,to educate; to teach; education
接受,jiēshòu,to accept; to receive
节约,jiéyuē,to economize; to conserve (resources); economy; frugal
结果,jiéguǒ,result; outcome; conclusion
解释,jiěshì,explanation; to explain; to interpret; to resolve
尽管,jǐnguǎn,despite; although; even though; in spite of
紧张,jǐnzhāng,nervous; keyed up; intense; tense
进行,jìnxíng,to advance; to conduct; underway; in progress
禁止,jìnzhǐ,to prohibit; to forbid; to ban
京剧,Jīngjù,Beijing opera
经济,jīngjì,economy; economic
经历,jīnglì,experience; to experience; to go through
经验,jīngyàn,experience; to experience
精彩,jīngcǎi,wonderful; marvelous; brilliant
精神,jīngshén,spirit; mind; consciousness; thought
警察,jǐngchá,police; police officer
竞争,jìngzhēng,to compete; competition
竟然,jìngrán,unexpectedly; to one's surprise; in spite of everything; in that crazy way
镜子,jìngzi,mirror
究竟,jiūjìng,to go to the bottom of a matter; after all; when all is said and done; (in an interrogative sentence) finally
举办,jǔbàn,to conduct; to hold
拒绝,jùjué,to refuse; to decline; to reject
距离,jùlí,distance; to be apart from
开玩笑,kāiwánxiào,to play a joke; to make fun of; to joke
看法,kànfǎ,way of looking at a thing; view; opinion
考虑,kǎolǜ,to think over; to consider; consideration
科学,kēxué,science; scientific knowledge; scientific; rational
棵,kē,classifier for trees; cabbages; plants etc
可怜,kělián,pitiful; pathetic; to have pity on
可是,kěshì,but; however; (used for emphasis) indeed
可惜,kěxī,it is a pity; what a pity; unfortunately
肯定,kěndìng,to be certain; to be positive; assuredly; definitely
空气,kōngqì,air; atmosphere
恐怕,kǒngpà,fear; to dread; I'm afraid that...; perhaps
苦,kǔ,bitter; hardship; pain; to suffer
宽,kuān,wide; broad; loose; relaxed
困,kùn,sleepy; to trap; stranded
困难,kùnnan,difficult; challenging; straitened circumstances; difficult situation
扩大,kuòdà,to expand; to enlarge; to broaden one's scope
垃圾桶,lājītǒng,rubbish bin; trash can; garbage can
拉,lā,to pull; to play (a bowed instrument); to drag; to draw
辣,là,hot (spicy); pungent; (of chili pepper raw onions etc) to sting; to burn
来不及,láibují,there's not enough time (to do sth); it's too late (to do sth)
来得及,láidejí,to have enough time; can do it in time; can still make it
懒,lǎn,lazy
浪费,làngfèi,to waste; to squander
浪漫,làngmàn,romantic
老虎,lǎohǔ,tiger
冷静,lěngjìng,calm; cool-headed; dispassionate; (of a place) deserted
礼貌,lǐmào,courtesy; politeness; manners; courteous
理发,lǐfà,to get a haircut; to have one's hair done; to cut (sb's) hair; to give (sb) a haircut
理解,lǐjiě,to comprehend; to understand
理想,lǐxiǎng,an ideal; a dream; ideal; perfect
力气,lìqi,strength
厉害,lìhai,(used to describe sb or sth that makes a very strong impression whether favorable or unfavorable) terrible; intense; severe; devastating
例如,lìrú,for example; for instance; such as
俩,liǎ,two (colloquial equivalent of 两个); both; some; used in 伎俩
连,lián,to link; to join; to connect; continuously
联系,liánxì,connection; contact; relation; to get in touch with
凉快,liángkuai,nice and cold; pleasantly cool
亮,liàng,bright; clear; resonant; to shine
聊天,liáotiān,to chat; to gossip
另外,lìngwài,additional; in addition; besides; separate
流泪,liúlèi,to shed tears
流利,liúlì,fluent
流行,liúxíng,(of a contagious disease etc) to spread; to propagate; (of a style of clothing song etc) popular; fashionable
留,liú,to leave (a message etc); to retain; to stay; to remain
留学,liúxué,to study abroad
律师,lǜshī,lawyer
乱,luàn,in confusion or disorder; in a confused state of mind; disorder; upheaval
麻烦,máfan,trouble; inconvenience; inconvenient; troublesome
马虎,mǎhu,careless; sloppy; negligent; skimpy
满,mǎn,full; to fill; filled
毛巾,máojīn,towel
美丽,měilì,beautiful
梦,mèng,dream; (bound form) to dream
密码,mìmǎ,cipher; secret code; password; PIN
免费,miǎnfèi,free (of charge)
民族,mínzú,nationality; ethnic group
母亲,mǔqīn,mother
目的,mùdì,purpose; aim; goal; target
耐心,nàixīn,to be patient; patience
难道,nándào,don't tell me ...; could it be that...?
难受,nánshòu,to feel unwell; to suffer pain; to be difficult to bear
内,nèi,inside; inner; internal; within
内容,nèiróng,content; substance; details
能力,nénglì,capability; ability
年龄,niánlíng,(a person's) age
农村,nóngcūn,rural area; village
弄,nòng,to do; to make; to handle; to play with
暖和,nuǎnhuo,warm; nice and warm
偶尔,ǒuěr,occasionally; once in a while; sometimes
排列,páiliè,to arrange in order; (math.) permutation
判断,pànduàn,to judge; to determine; judgment
陪,péi,to accompany; to keep sb company; to assist
批评,pīpíng,to criticize; criticism
皮肤,pífū,skin
脾气,píqi,character; temperament; disposition; bad temper
篇,piān,(measure word for articles/essays); piece of writing
骗,piàn,to cheat; to swindle; to deceive; to get on (a horse etc) by swinging one leg over
乒乓球,pīngpāngqiú,table tennis; ping-pong; table tennis ball
平时,píngshí,ordinarily; in normal times; in peacetime
瓶子,píngzi,bottle
破,pò,broken; damaged; worn out; lousy
普遍,pǔbiàn,universal; general; widespread; common
其次,qícì,next; secondly
其中,qízhōng,among; in; included among these
起飞,qǐfēi,(of an aircraft) to take off
起来,qǐlai,to stand up; to get up; (after a verb) indicating the beginning and continuation of an action or a state; indicating an upward movement (e.g. after 站)
气候,qìhòu,(meteorology) climate; (fig.) climate; prevailing conditions (in human affairs)
千万,qiānwàn,ten million; countless; many; one must by all means
签证,qiānzhèng,visa; to issue a visa
墙,qiáng,wall
敲,qiāo,to hit; to strike; to tap; to rap
桥,qiáo,bridge
巧克力,qiǎokèlì,chocolate (loanword)
亲戚,qīnqi,a relative (i.e. family relation)
轻,qīng,light; easy; gentle; soft
轻松,qīngsōng,light; gentle; relaxed; effortless
情况,qíngkuàng,circumstances; state of affairs; situation
请假,qǐngjià,to request leave of absence
请客,qǐngkè,to give a dinner party; to entertain guests; to invite to dinner
穷,qióng,poor; destitute; to use up; to exhaust
区别,qūbié,difference; to distinguish; to discriminate; to make a distinction
取,qǔ,to take; to get; to choose; to fetch
全部,quánbù,whole; all
缺点,quēdiǎn,weak point; fault; shortcoming; disadvantage
缺少,quēshǎo,lack; shortage of; shortfall; to be short (of)
却,què,but; yet; however; while
确实,quèshí,indeed; really; reliable; real
群,qún,group; crowd; flock; herd; pack etc
然而,ránér,however; yet; but
热闹,rènao,bustling with noise and excitement; lively
人民币,rénmínbì,Renminbi (RMB); Chinese Yuan (CNY)
任何,rènhé,any; whatever; whichever; whatsoever
任务,rènwu,mission; assignment; task; duty
扔,rēng,to throw; to throw away
仍然,réngrán,still; as before; yet
日记,rìjì,diary
入口,rùkǒu,entrance; to import
软,ruǎn,soft; flexible
散步,sànbù,to take a walk; to go for a walk
森林,sēnlín,forest
沙发,shāfā,sofa (loanword); (Internet slang) the first reply or replier to a forum post
伤心,shāngxīn,to grieve; to be broken-hearted; to feel deeply hurt
商量,shāngliang,to consult; to talk over; to discuss
稍微,shāowēi,a little bit
社会,shèhuì,society
申请,shēnqǐng,to apply for sth; application form
深,shēn,deep (lit. and fig.)
甚至,shènzhì,even; so much so that
生活,shēnghuó,to live; life; livelihood
生命,shēngmìng,life (as the characteristic of living beings); living being; creature
省,shěng,province; to save; to economize; to omit
剩,shèng,to remain; to be left; to have as remainder
失败,shībài,to be defeated; to lose; to fail (e.g. experiments); failure
失望,shīwàng,disappointed; to lose hope; to despair
师傅,shīfu,master; qualified worker; respectful form of address for older men
狮子,shīzi,lion
湿润,shīrùn,moist
十分,shífēn,very; completely; utterly; extremely
实际,shíjì,reality; practice; practical; realistic
实在,shízài,really; actually; indeed; true
食品,shípǐn,foodstuff; food; provisions
使用,shǐyòng,to use; to employ; to apply; to make use of
世纪,shìjì,century
市场,shìchǎng,marketplace; market (also in abstract)
试,shì,to test; to try; experiment; examination
适合,shìhé,to fit; to suit
适应,shìyìng,to adapt; to fit; to suit
收,shōu,to receive; to accept; to collect; to put away
收入,shōurù,to take in; income; revenue
收拾,shōushi,to put in order; to tidy up; to pack; to repair
首都,shǒudū,capital (city)
首先,shǒuxiān,first (of all); in the first place
受不了,shòubùliǎo,unbearable; unable to endure; can't stand
受到,shòudào,to receive (praise an education punishment etc); to be ...ed (praised educated punished etc)
售货员,shòuhuòyuán,salesperson
输,shū,to lose; to be beaten; (bound form) to transport; (literary) to donate
熟悉,shúxī,to be familiar with; to know well
数量,shùliàng,amount; quantity; quantitative
数字,shùzì,numeral; digit; number; figure
帅,shuài,handsome; smart; commander-in-chief
顺便,shùnbiàn,conveniently; in passing; without much extra effort
顺利,shùnlì,smoothly; without a hitch
顺序,shùnxù,sequence; order
说明,shuōmíng,to explain; to illustrate; to indicate; to show
硕士,shuòshì,master's degree; person who has a master's degree; learned person
死,sǐ,to die; impassable; uncrossable; inflexible
速度,sùdù,speed; rate; velocity; (music) tempo
塑料袋,sùliàodài,plastic bag
酸,suān,sour; tart; sick at heart; grieved
算,suàn,to calculate; to compute; to regard as
随便,suíbiàn,as one wishes; as one pleases; at random; negligent
随着,suízhe,along with; in the wake of; following
孙子,sūnzi,grandson; son's son
所有,suǒyǒu,all; to have; to possess; to own
台,tái,platform; stage; (measure word for machines/appliances)
抬,tái,to lift; to raise; (of two or more persons) to carry
态度,tàidu,manner; bearing; attitude; approach
谈,tán,to speak; to talk; to converse; to chat
汤,tāng,soup; broth
躺,tǎng,to recline; to lie down
趟,tàng,(classifier) trip; time; round trip; row; (tāng) to wade
讨论,tǎolùn,to discuss; to talk over
讨厌,tǎoyàn,to dislike; to loathe; disagreeable; troublesome
特点,tèdiǎn,characteristic (feature); trait; feature
提供,tígōng,to offer; to supply; to provide; to furnish
提前,tíqián,to shift to an earlier date; to do sth ahead of time; in advance
提醒,tíxǐng,to remind; to call attention to; to warn of
填空,tiánkòng,to fill a job vacancy; to fill in a blank (e.g. on questionnaire or exam paper)
条件,tiáojiàn,condition; circumstance; term; factor
停止,tíngzhǐ,to stop; to halt; to cease
挺,tǐng,quite; rather; straight; to straighten
通过,tōngguò,to pass through; to get through; to adopt (a resolution); to pass (legislation)
通知,tōngzhī,to notify; to inform; notice; notification
同情,tóngqíng,to sympathize with; sympathy
推,tuī,to push; to cut; to refuse; to reject
推迟,tuīchí,to postpone; to put off; to defer
脱,tuō,to shed; to take off; to escape; to get away from
袜子,wàzi,socks; stockings
完全,wánquán,complete; whole; totally; entirely
网球,wǎngqiú,tennis; tennis ball
网站,wǎngzhàn,website; network station; node
往,wǎng,to go (in a direction); to; towards; (of a train) bound for
往往,wǎngwǎng,usually; in many cases; more often than not
危险,wēixiǎn,danger; dangerous
味道,wèidao,flavor; taste; (fig.) feeling (of ...); sense (of ...)
温度,wēndù,temperature
文章,wénzhāng,article; essay; literary works; writings
握手,wòshǒu,to shake hands
污染,wūrǎn,to pollute; to contaminate (lit. and fig.)
无,wú,not to have; no; none; not
无聊,wúliáo,bored; boring; senseless
无论,wúlùn,no matter what or how; regardless of whether...
误会,wùhuì,to misunderstand; to mistake; misunderstanding
吸引,xīyǐn,to attract; to appeal to; to fascinate
洗衣机,xǐyījī,washing machine; washer
西红柿,xīhóngshì,tomato
咸,xián,salty
现代,xiàndài,modern times; modern age; contemporary
限制,xiànzhì,to restrict; to limit; to confine; restriction
羡慕,xiànmù,to envy; to admire
相反,xiāngfǎn,opposite; contrary
香,xiāng,fragrant; sweet smelling; aromatic; savory or appetizing
详细,xiángxì,detailed; in detail; minute
响,xiǎng,to sound; to ring; loud; noise
消息,xiāoxi,news; information
小说,xiǎoshuō,novel; fiction
效果,xiàoguǒ,result; effect; efficacy; (theater) sound or visual effects
笑话,xiàohua,joke; jest; to laugh at; to mock
心情,xīnqíng,mood; frame of mind
辛苦,xīnkǔ,exhausting; hard; tough; arduous
信任,xìnrèn,to trust; to have confidence in
信心,xìnxīn,confidence; faith (in sb or sth)
信用卡,xìnyòngkǎ,credit card
行,xíng,OK; all right; to walk; to go; capable
醒,xǐng,to wake up; to be awake; to become aware; to sober up
兴奋,xīngfèn,excited; excitement; (physiology) excitation
幸福,xìngfú,happiness; happy; blessed
性别,xìngbié,gender; sex
性格,xìnggé,nature; disposition; temperament; character
修,xiū,to repair; to fix; to build
许多,xǔduō,many; a lot of; much
血,xuè,blood; colloquial pr. [xiě]
压力,yālì,pressure
牙膏,yágāo,toothpaste
亚洲,Yàzhōu,Asia (abbr. for 亚细亚洲)
呀,ya,(particle equivalent to 啊 after a vowel expressing surprise or doubt)
严格,yángé,strict; stringent; tight; rigorous
严重,yánzhòng,grave; serious; severe; critical
研究生,yánjiūshēng,graduate student; postgraduate student; research student
盐,yán,salt
演出,yǎnchū,to act (in a play); to perform; to put on (a performance); performance
演员,yǎnyuán,actor or actress; performer
阳光,yángguāng,sunshine; (of personality) upbeat; energetic; transparent (open to public scrutiny)
养成,yǎngchéng,to cultivate; to raise; to form (a habit); to acquire
样子,yàngzi,appearance; manner; pattern; model
邀请,yāoqǐng,to invite; invitation
钥匙,yàoshi,key
也许,yěxǔ,perhaps; maybe
叶子,yèzi,leaf; (slang) marijuana
页,yè,page; leaf; (measure word for pages)
一切,yīqiè,everything; every; all
以,yǐ,to use; by means of; according to; in order to
亿,yì,100 million
艺术,yìshù,art
意见,yìjiàn,idea; opinion; suggestion; objection
因此,yīncǐ,thus; consequently; as a result
引起,yǐnqǐ,to give rise to; to lead to; to cause; to arouse
饮料,yǐnliào,drink; beverage
印象,yìnxiàng,impression (sth that stays in one's mind); a memory
赢,yíng,to beat; to win; to profit
硬,yìng,hard; stiff; solid; (fig.) strong
永远,yǒngyuǎn,forever; eternal
勇敢,yǒnggǎn,brave; courageous
优点,yōudiǎn,merit; benefit; strong point; advantage
优秀,yōuxiù,outstanding; excellent
幽默,yōumò,(loanword) humor; humorous
尤其,yóuqí,especially; particularly
由,yóu,to follow; from; because of; due to
由于,yóuyú,due to; as a result of; thanks to; owing to
有趣,yǒuqù,interesting; fascinating; amusing
友好,yǒuhǎo,friendly; amicable
友谊,yǒuyì,companionship; fellowship; friendship
于是,yúshì,thereupon; as a result; consequently; thus
愉快,yúkuài,cheerful; cheerily; delightful; pleasant
与,yǔ,and; with; together with; to give
羽毛球,yǔmáoqiú,shuttlecock; badminton
语法,yǔfǎ,grammar
语言,yǔyán,language
预习,yùxí,to prepare a lesson
原来,yuánlái,original; former; originally; formerly
原谅,yuánliàng,to excuse; to forgive; to pardon
原因,yuányīn,cause; origin; root cause; reason
圆,yuán,circle; round; circular; spherical
约会,yuēhuì,appointment; engagement; date; to arrange to meet
阅读,yuèdú,to read; reading
允许,yǔnxǔ,to permit; to allow
杂志,zázhì,magazine
咱们,zánmen,we or us (including both the speaker and the person(s) spoken to); (dialect) I or me; (dialect) (in a coaxing or familiar way) you
暂时,zànshí,temporary; provisional; for the time being
脏,zāng,dirty; filthy
责任,zérèn,responsibility; blame; duty
增加,zēngjiā,to raise; to increase
增长,zēngzhǎng,to grow; to increase
窄,zhǎi,narrow; narrow-minded; badly off
长城,Chángchéng,the Great Wall
长江,ChángJiāng,Yangtze River; or Chang Jiang
招聘,zhāopìn,to invite applications for a job; to recruit
著名,zhùmíng,famous; noted; well-known; celebrated
真正,zhēnzhèng,genuine; real; true; really
整理,zhěnglǐ,to arrange; to tidy up; to sort out; to straighten out
整齐,zhěngqí,orderly; neat; even; tidy
正常,zhèngcháng,regular; normal; ordinary
正好,zhènghǎo,just (in time); just right; just enough; to happen to
正确,zhèngquè,correct; sound; right; proper
正式,zhèngshì,formal; official
证明,zhèngmíng,proof; certificate; identification; testimonial
之,zhī,(possessive particle literary equivalent of 的); him; her; it
支持,zhīchí,to be in favor of; to support; to back; support
知识,zhīshi,knowledge; intellectual
直接,zhíjiē,direct (opposite: indirect 间接); immediate; straightforward
值得,zhíde,to be worth; to deserve
职业,zhíyè,occupation; profession; vocation; professional
植物,zhíwù,plant; vegetation
只好,zhǐhǎo,to have no other option but to ...; to have to; to be forced to
只要,zhǐyào,if only; so long as
指,zhǐ,finger; to point at or to; to indicate or refer to; to depend on
至少,zhìshǎo,at least; (to say the) least
制造,zhìzào,to manufacture; to make
质量,zhìliàng,quality; (physics) mass
中文,Zhōngwén,Chinese language
重点,chóngdiǎn,to recount (e.g. results of election); to re-evaluate; important point; main point
重视,zhòngshì,to attach importance to sth; to value
重新,chóngxīn,again; once more; re-
周围,zhōuwéi,environs; surroundings; periphery
猪,zhū,hog; pig; swine
逐渐,zhújiàn,gradually
主动,zhǔdòng,to take the initiative; to do sth of one's own accord; spontaneous; active
主意,zhǔyi,plan; idea; decision; Beijing pr. [zhú yi]
祝贺,zhùhè,to congratulate; congratulations
专门,zhuānmén,specialist; specialized; customized
专业,zhuānyè,specialty; specialized field; main field of study (at university); major
赚,zhuàn,to earn; to make a profit; to cheat; to swindle
撞,zhuàng,to knock against; to bump into; to run into; to meet by accident
准确,zhǔnquè,accurate; exact; precise
准时,zhǔnshí,on time; punctual; on schedule
仔细,zǐxì,careful; attentive; cautious; to be careful
自然,zìrán,nature; natural; naturally
总结,zǒngjié,to sum up; to conclude; summary; résumé
租,zū,to hire; to rent; to charter; to rent out
组成,zǔchéng,to form; to make up; to constitute
组织,zǔzhī,to organize; organization; (biology) tissue; (textiles) weave
嘴,zuǐ,mouth; beak; nozzle; spout (of teapot etc)
最好,zuìhǎo,best; (you) had better (do what we suggest)
最后,zuìhòu,final; last; finally; ultimate
尊重,zūnzhòng,to esteem; to respect; to honor; to value
作者,zuòzhě,author; writer
座,zuò,seat; (measure word for mountains/buildings/bridges)
座位,zuòwèi,seat
做生意,zuòshēngyì,to do business
